{
  "bottlenecks":
  [
    {
      "name":"'queryIndex'"
      , "id":1075
      , "src":"472"
      , "dst":"485"
      , "type":"fMAX/II"
      , "brief":"Data dependency"
      , "loop":"MinimizerKernel.B1"
      , "details":
      [
        {
          "type":"table"
          , "Variable on critical loop carried feedback path: ":"'queryIndex'"
          , "Declared at: ":
          [
            {
              "type":"text"
              , "text":"%L"
              , "links":
              [
                {
                  "filename":"/home/bzbbaumt/Projects/min-ibf-fpga-oneapi/include/min_ibf_fpga/backend_sycl/kernel_minimizer.cpp"
                  , "line":"15"
                }
              ]
            }
          ]
          , "Dependency: ":"Data dependency"
          , "Estimated fmax reduced to: ":"480.0"
          , "Loop feedback path that raised II and/or lowered fMAX: ":
          [
            {
              "type":"text"
              , "text":"+(%L)"
              , "links":
              [
                {
                  "filename":"/home/bzbbaumt/Projects/min-ibf-fpga-oneapi/include/min_ibf_fpga/backend_sycl/kernel_minimizer.cpp"
                  , "line":"15"
                }
              ]
            }
            , {
              "type":"text"
              , "text":"+(%L)"
              , "links":
              [
                {
                  "filename":"/home/bzbbaumt/Projects/min-ibf-fpga-oneapi/include/min_ibf_fpga/backend_sycl/kernel_minimizer.cpp"
                  , "line":"15"
                }
              ]
            }
            , {
              "type":"text"
              , "text":"+(%L)"
              , "links":
              [
                {
                  "filename":"/home/bzbbaumt/Projects/min-ibf-fpga-oneapi/include/min_ibf_fpga/backend_sycl/kernel_minimizer.cpp"
                  , "line":"20"
                }
              ]
            }
            , {
              "type":"text"
              , "text":"Select(%L)"
              , "links":
              [
                {
                  "filename":"/home/bzbbaumt/Projects/min-ibf-fpga-oneapi/include/min_ibf_fpga/backend_sycl/kernel_minimizer.cpp"
                  , "line":"13"
                }
              ]
            }
            , {
              "type":"text"
              , "text":"Select(%L)"
              , "links":
              [
                {
                  "filename":"/home/bzbbaumt/Projects/min-ibf-fpga-oneapi/include/min_ibf_fpga/backend_sycl/kernel_minimizer.cpp"
                  , "line":"13"
                }
              ]
            }
          ]
        }
      ]
      , "nodes":
      [
        {
          "name":"'queryIndex'"
          , "id":472
          , "start":"4.00"
          , "parent":"_ZTSN12min_ibf_fpga12backend_sycl15MinimizerKernelE.B1"
          , "debug":
          [
            [
              {
                "filename":"/home/bzbbaumt/Projects/min-ibf-fpga-oneapi/include/min_ibf_fpga/backend_sycl/kernel_minimizer.cpp"
                , "line":13
              }
            ]
          ]
          , "type":"inst"
        }
        , {
          "name":"Select"
          , "id":473
          , "debug":
          [
            [
              {
                "filename":"/home/bzbbaumt/Projects/min-ibf-fpga-oneapi/include/min_ibf_fpga/backend_sycl/kernel_minimizer.cpp"
                , "line":13
              }
            ]
          ]
          , "type":"inst"
        }
        , {
          "name":"+"
          , "id":484
          , "debug":
          [
            [
              {
                "filename":"/home/bzbbaumt/Projects/min-ibf-fpga-oneapi/include/min_ibf_fpga/backend_sycl/kernel_minimizer.cpp"
                , "line":15
              }
            ]
          ]
          , "type":"inst"
        }
        , {
          "name":"+"
          , "id":486
          , "debug":
          [
            [
              {
                "filename":"/home/bzbbaumt/Projects/min-ibf-fpga-oneapi/include/min_ibf_fpga/backend_sycl/kernel_minimizer.cpp"
                , "line":15
              }
            ]
          ]
          , "type":"inst"
        }
        , {
          "name":"Select"
          , "id":492
          , "debug":
          [
            [
              {
                "filename":"/home/bzbbaumt/Projects/min-ibf-fpga-oneapi/include/min_ibf_fpga/backend_sycl/kernel_minimizer.cpp"
                , "line":13
              }
            ]
          ]
          , "type":"inst"
        }
        , {
          "name":"+"
          , "id":493
          , "debug":
          [
            [
              {
                "filename":"/home/bzbbaumt/Projects/min-ibf-fpga-oneapi/include/min_ibf_fpga/backend_sycl/kernel_minimizer.cpp"
                , "line":20
              }
            ]
          ]
          , "type":"inst"
        }
        , {
          "name":"Feedback"
          , "id":485
          , "end":"5.00"
          , "parent":"_ZTSN12min_ibf_fpga12backend_sycl15MinimizerKernelE.B1"
          , "debug":
          [
            [
              {
                "filename":"/home/bzbbaumt/Projects/min-ibf-fpga-oneapi/include/min_ibf_fpga/backend_sycl/kernel_minimizer.cpp"
                , "line":15
              }
            ]
          ]
          , "type":"inst"
        }
      ]
      , "links":
      [
        {
          "from":472
          , "to":473
        }
        , {
          "from":473
          , "to":484
        }
        , {
          "from":492
          , "to":493
        }
        , {
          "from":484
          , "to":485
        }
        , {
          "from":472
          , "to":485
          , "reverse":1
        }
      ]
    }
    , {
      "name":"'iteration'"
      , "id":1076
      , "src":"513"
      , "dst":"535"
      , "type":"fMAX/II"
      , "brief":"Data dependency"
      , "loop":"MinimizerKernel.B2"
      , "details":
      [
        {
          "type":"table"
          , "Variable on critical loop carried feedback path: ":"'iteration'"
          , "Declared at: ":
          [
            {
              "type":"text"
              , "text":"%L"
              , "links":
              [
                {
                  "filename":"/home/bzbbaumt/Projects/min-ibf-fpga-oneapi/include/min_ibf_fpga/backend_sycl/kernel_minimizer.cpp"
                  , "line":"34"
                }
              ]
            }
          ]
          , "Dependency: ":"Data dependency"
          , "Estimated fmax reduced to: ":"480.0"
          , "Loop feedback path that raised II and/or lowered fMAX: ":
          [
            {
              "type":"text"
              , "text":"+(%L)"
              , "links":
              [
                {
                  "filename":"/home/bzbbaumt/Projects/min-ibf-fpga-oneapi/include/min_ibf_fpga/backend_sycl/kernel_minimizer.cpp"
                  , "line":"34"
                }
              ]
            }
            , {
              "type":"text"
              , "text":"+(%L)"
              , "links":
              [
                {
                  "filename":"/home/bzbbaumt/Projects/min-ibf-fpga-oneapi/include/min_ibf_fpga/backend_sycl/kernel_minimizer.cpp"
                  , "line":"34"
                }
              ]
            }
          ]
        }
      ]
      , "nodes":
      [
        {
          "name":"'iteration'"
          , "id":513
          , "start":"5.00"
          , "parent":"_ZTSN12min_ibf_fpga12backend_sycl15MinimizerKernelE.B2"
          , "debug":
          [
            [
              {
                "filename":"/home/bzbbaumt/Projects/min-ibf-fpga-oneapi/include/min_ibf_fpga/backend_sycl/kernel_minimizer.cpp"
                , "line":34
              }
            ]
          ]
          , "type":"inst"
        }
        , {
          "name":"+"
          , "id":526
          , "debug":
          [
            [
              {
                "filename":"/home/bzbbaumt/Projects/min-ibf-fpga-oneapi/include/min_ibf_fpga/backend_sycl/kernel_minimizer.cpp"
                , "line":34
              }
            ]
          ]
          , "type":"inst"
        }
        , {
          "name":"+"
          , "id":527
          , "debug":
          [
            [
              {
                "filename":"/home/bzbbaumt/Projects/min-ibf-fpga-oneapi/include/min_ibf_fpga/backend_sycl/kernel_minimizer.cpp"
                , "line":34
              }
            ]
          ]
          , "type":"inst"
        }
        , {
          "name":"Feedback"
          , "id":535
          , "end":"5.00"
          , "parent":"_ZTSN12min_ibf_fpga12backend_sycl15MinimizerKernelE.B2"
          , "debug":
          [
            [
              {
                "filename":"/home/bzbbaumt/Projects/min-ibf-fpga-oneapi/include/min_ibf_fpga/backend_sycl/kernel_minimizer.cpp"
                , "line":34
              }
            ]
          ]
          , "type":"inst"
        }
      ]
      , "links":
      [
        {
          "from":513
          , "to":526
        }
        , {
          "from":527
          , "to":527
        }
        , {
          "from":526
          , "to":535
        }
        , {
          "from":513
          , "to":535
          , "reverse":1
        }
      ]
    }
    , {
      "name":"Global variable"
      , "id":1077
      , "src":"686"
      , "dst":"698"
      , "type":"fMAX/II"
      , "brief":"Data dependency"
      , "loop":"IbfKernel.B1"
      , "details":
      [
        {
          "type":"table"
          , "Variable on critical loop carried feedback path: ":"Global variable"
          , "Declared at: ":
          [
            {
              "type":"text"
              , "text":"%L"
              , "links":
              [
                {
                  "filename":"Unknown location"
                  , "line":"0"
                }
              ]
            }
          ]
          , "Dependency: ":"Data dependency"
          , "Estimated fmax reduced to: ":"480.0"
          , "Loop feedback path that raised II and/or lowered fMAX: ":
          [
            {
              "type":"text"
              , "text":"+(%L)"
              , "links":
              [
                {
                  "filename":"/home/bzbbaumt/Projects/min-ibf-fpga-oneapi/include/min_ibf_fpga/backend_sycl/kernel_ibf.cpp"
                  , "line":"9"
                }
              ]
            }
            , {
              "type":"text"
              , "text":"Select(%L)"
              , "links":
              [
                {
                  "filename":"/home/bzbbaumt/Projects/min-ibf-fpga-oneapi/include/min_ibf_fpga/backend_sycl/kernel_ibf.cpp"
                  , "line":"9"
                }
              ]
            }
          ]
        }
      ]
      , "nodes":
      [
        {
          "name":"Global variable"
          , "id":686
          , "start":"4.00"
          , "parent":"_ZTSN12min_ibf_fpga12backend_sycl9IbfKernelE.B1"
          , "debug":
          [
            [
              {
                "filename":"/home/bzbbaumt/Projects/min-ibf-fpga-oneapi/include/min_ibf_fpga/backend_sycl/kernel_ibf.cpp"
                , "line":9
              }
            ]
          ]
          , "type":"inst"
        }
        , {
          "name":"Select"
          , "id":687
          , "debug":
          [
            [
              {
                "filename":"/home/bzbbaumt/Projects/min-ibf-fpga-oneapi/include/min_ibf_fpga/backend_sycl/kernel_ibf.cpp"
                , "line":9
              }
            ]
          ]
          , "type":"inst"
        }
        , {
          "name":"+"
          , "id":697
          , "debug":
          [
            [
              {
                "filename":"/home/bzbbaumt/Projects/min-ibf-fpga-oneapi/include/min_ibf_fpga/backend_sycl/kernel_ibf.cpp"
                , "line":9
              }
            ]
          ]
          , "type":"inst"
        }
        , {
          "name":"Feedback"
          , "id":698
          , "end":"4.00"
          , "parent":"_ZTSN12min_ibf_fpga12backend_sycl9IbfKernelE.B1"
          , "debug":
          [
            [
              {
                "filename":"/home/bzbbaumt/Projects/min-ibf-fpga-oneapi/include/min_ibf_fpga/backend_sycl/kernel_ibf.cpp"
                , "line":9
              }
            ]
          ]
          , "type":"inst"
        }
      ]
      , "links":
      [
        {
          "from":686
          , "to":687
        }
        , {
          "from":687
          , "to":697
        }
        , {
          "from":697
          , "to":698
        }
        , {
          "from":686
          , "to":698
          , "reverse":1
        }
      ]
    }
    , {
      "name":"Unknown variable"
      , "id":1078
      , "type":"fMAX/II"
      , "brief":"N/A"
      , "loop":"IbfKernel.B2"
      , "details":
      [
        {
          "type":"table"
          , "Loop: ":"_ZTSN12min_ibf_fpga12backend_sycl9IbfKernelE.B2"
          , "Declared at: ":
          [
            {
              "type":"text"
              , "text":"%L"
              , "links":
              [
                {
                  "filename":"/home/bzbbaumt/Projects/min-ibf-fpga-oneapi/include/min_ibf_fpga/backend_sycl/kernel_ibf.cpp"
                  , "line":"34"
                }
              ]
            }
          ]
          , "Dependency: ":"N/A"
          , "Estimated fmax reduced to: ":"480.0"
          , "Loop feedback path that raised II and/or lowered fMAX: ":
          [
            {
              "type":"text"
              , "text":"And(%L)"
              , "links":
              [
                {
                  "filename":"/home/bzbbaumt/Projects/min-ibf-fpga-oneapi/include/min_ibf_fpga/backend_sycl/kernel_ibf.cpp"
                  , "line":"42"
                }
              ]
            }
            , {
              "type":"text"
              , "text":"Compare(%L)"
              , "links":
              [
                {
                  "filename":"/home/bzbbaumt/Projects/min-ibf-fpga-oneapi/include/min_ibf_fpga/backend_sycl/kernel_ibf.cpp"
                  , "line":"42"
                }
              ]
            }
            , {
              "type":"text"
              , "text":"RD(%L)"
              , "links":
              [
                {
                  "filename":"/opt/intel/oneapi/compiler/2023.1.0/linux/bin-llvm/../include/sycl/ext/intel/pipes.hpp"
                  , "line":"67"
                }
              ]
            }
          ]
        }
      ]
      , "nodes":
      [
        {
          "name":"FFwd Dest"
          , "id":38
          , "debug":
          [
            [
              {
                "filename":"/home/bzbbaumt/Projects/min-ibf-fpga-oneapi/include/min_ibf_fpga/backend_sycl/kernel_ibf.cpp"
                , "line":9
              }
            ]
          ]
          , "type":"inst"
        }
        , {
          "name":"RD"
          , "id":118
          , "debug":
          [
            [
              {
                "filename":"/opt/intel/oneapi/compiler/2023.1.0/linux/bin-llvm/../include/sycl/ext/intel/pipes.hpp"
                , "line":67
              }
            ]
          ]
          , "type":"inst"
        }
        , {
          "name":"And"
          , "id":186
          , "debug":
          [
            [
              {
                "filename":"/home/bzbbaumt/Projects/min-ibf-fpga-oneapi/include/min_ibf_fpga/backend_sycl/kernel_ibf.cpp"
                , "line":42
              }
            ]
          ]
          , "type":"inst"
        }
        , {
          "name":"Compare"
          , "id":188
          , "debug":
          [
            [
              {
                "filename":"/home/bzbbaumt/Projects/min-ibf-fpga-oneapi/include/min_ibf_fpga/backend_sycl/kernel_ibf.cpp"
                , "line":42
              }
            ]
          ]
          , "type":"inst"
        }
        , {
          "name":"And"
          , "id":193
          , "debug":
          [
            [
              {
                "filename":"/home/bzbbaumt/Projects/min-ibf-fpga-oneapi/include/min_ibf_fpga/backend_sycl/kernel_ibf.cpp"
                , "line":9
              }
            ]
          ]
          , "type":"inst"
        }
      ]
      , "links":
      [
        {
          "from":38
          , "to":118
        }
        , {
          "from":118
          , "to":186
        }
        , {
          "from":186
          , "to":188
        }
        , {
          "from":188
          , "to":193
        }
      ]
    }
  ]
}
