{
  "columns":
  ["", "Pipelined", "II", "Speculated iterations", "Details"]
  , "children":
  [
    {
      "name":"Kernel: MinimizerKernel"
      , "data":
      ["", "", ""]
      , "debug":
      [
        [
          {
            "filename":"/home/bzbbaumt/Projects/min-ibf-fpga-oneapi/include/min_ibf_fpga/backend_sycl/kernel_minimizer.cpp"
            , "line":7
          }
        ]
      ]
      , "details":
      [
        {
          "type":"brief"
          , "text":"Single work-item execution"
        }
        , {
          "type":"text"
          , "text":"Single work-item execution"
        }
        , {
          "type":"text"
          , "text":"fMAX bottleneck block: None"
        }
        , {
          "type":"text"
          , "text":"See %L for more information"
          , "links":
          [
            {
              "guide":"Best Practices Guide : Kernels"
              , "link":"file:////opt/intel/oneapi/compiler/2023.1.0/linux/lib/oclfpga/aoc_help_pages/ipp1476408832230.html"
            }
          ]
        }
      ]
      , "children":
      [
        {
          "name":"MinimizerKernel.B1"
          , "data":
          ["Yes", ">=2", "2"]
          , "debug":
          [
            [
              {
                "filename":"/home/bzbbaumt/Projects/min-ibf-fpga-oneapi/include/min_ibf_fpga/backend_sycl/kernel_minimizer.cpp"
                , "line":15
              }
            ]
          ]
          , "details":
          [
            {
              "type":"text"
              , "text":"Stallable instruction: n/a"
            }
            , {
              "type":"text"
              , "text":"Maximum concurrent iterations: Capacity of loop"
              , "details":
              [
                {
                  "type":"text"
                  , "text":"Use the %L viewer to estimate capacity"
                  , "links":
                  [
                    {
                      "view":"Fmax II Report"
                    }
                  ]
                }
              ]
            }
            , {
              "type":"text"
              , "text":"See %L for more information"
              , "links":
              [
                {
                  "guide":"Best Practices Guide : Nested Loops"
                  , "link":"file:////opt/intel/oneapi/compiler/2023.1.0/linux/lib/oclfpga/aoc_help_pages/rfr1469543500580.html"
                }
              ]
            }
          ]
          , "children":
          [
            {
              "name":"MinimizerKernel.B2"
              , "data":
              ["Yes", "~1", "4"]
              , "debug":
              [
                [
                  {
                    "filename":"/home/bzbbaumt/Projects/min-ibf-fpga-oneapi/include/min_ibf_fpga/backend_sycl/kernel_minimizer.cpp"
                    , "line":34
                  }
                ]
              ]
              , "details":
              [
                {
                  "type":"text"
                  , "text":"II is an approximation due to the following stallable instructions:"
                  , "details":
                  [
                    {
                      "type":"text"
                      , "text":"Load Operation (%L > %L > %L)"
                      , "links":
                      [
                        {
                          "filename":"/opt/intel/oneapi/compiler/2023.1.0/linux/bin-llvm/../include/sycl/handler.hpp"
                          , "line":"1166"
                        }
                        , {
                          "filename":"/home/bzbbaumt/Projects/min-ibf-fpga-oneapi/include/min_ibf_fpga/backend_sycl/kernel_minimizer.cpp"
                          , "line":"52"
                        }
                        , {
                          "filename":"/opt/intel/oneapi/compiler/2023.1.0/linux/bin-llvm/../include/sycl/ext/intel/fpga_lsu.hpp"
                          , "line":"56"
                        }
                      ]
                    }
                    , {
                      "type":"text"
                      , "text":"Pipe Write Operation (%L > %L > %L)"
                      , "links":
                      [
                        {
                          "filename":"/opt/intel/oneapi/compiler/2023.1.0/linux/bin-llvm/../include/sycl/handler.hpp"
                          , "line":"1166"
                        }
                        , {
                          "filename":"/home/bzbbaumt/Projects/min-ibf-fpga-oneapi/include/min_ibf_fpga/backend_sycl/kernel_minimizer.cpp"
                          , "line":"84"
                        }
                        , {
                          "filename":"/opt/intel/oneapi/compiler/2023.1.0/linux/bin-llvm/../include/sycl/ext/intel/pipes.hpp"
                          , "line":"82"
                        }
                      ]
                    }
                  ]
                }
                , {
                  "type":"text"
                  , "text":"Maximum concurrent iterations: Capacity of loop"
                  , "details":
                  [
                    {
                      "type":"text"
                      , "text":"Use the %L viewer to estimate capacity"
                      , "links":
                      [
                        {
                          "view":"Fmax II Report"
                        }
                      ]
                    }
                  ]
                }
                , {
                  "type":"text"
                  , "text":"See %L for more information"
                  , "links":
                  [
                    {
                      "guide":"Best Practices Guide : Loops in a Single Work-Item Kernel"
                      , "link":"file:////opt/intel/oneapi/compiler/2023.1.0/linux/lib/oclfpga/aoc_help_pages/wfa1476380079940.html"
                    }
                  ]
                }
              ]
              , "children":
              [
              ]
            }
          ]
        }
      ]
    }
    , {
      "name":"Kernel: IbfKernel"
      , "data":
      ["", "", ""]
      , "debug":
      [
        [
          {
            "filename":"/home/bzbbaumt/Projects/min-ibf-fpga-oneapi/include/min_ibf_fpga/backend_sycl/kernel_ibf.cpp"
            , "line":7
          }
        ]
      ]
      , "details":
      [
        {
          "type":"brief"
          , "text":"Single work-item execution"
        }
        , {
          "type":"text"
          , "text":"Single work-item execution"
        }
        , {
          "type":"text"
          , "text":"fMAX bottleneck block: None"
        }
        , {
          "type":"text"
          , "text":"See %L for more information"
          , "links":
          [
            {
              "guide":"Best Practices Guide : Kernels"
              , "link":"file:////opt/intel/oneapi/compiler/2023.1.0/linux/lib/oclfpga/aoc_help_pages/ipp1476408832230.html"
            }
          ]
        }
      ]
      , "children":
      [
        {
          "name":"IbfKernel.B1"
          , "data":
          ["Yes", ">=1", "4"]
          , "debug":
          [
            [
              {
                "filename":"/home/bzbbaumt/Projects/min-ibf-fpga-oneapi/include/min_ibf_fpga/backend_sycl/kernel_ibf.cpp"
                , "line":9
              }
            ]
          ]
          , "details":
          [
            {
              "type":"text"
              , "text":"Stallable instruction: n/a"
            }
            , {
              "type":"text"
              , "text":"Maximum concurrent iterations: Capacity of loop"
              , "details":
              [
                {
                  "type":"text"
                  , "text":"Use the %L viewer to estimate capacity"
                  , "links":
                  [
                    {
                      "view":"Fmax II Report"
                    }
                  ]
                }
              ]
            }
            , {
              "type":"text"
              , "text":"See %L for more information"
              , "links":
              [
                {
                  "guide":"Best Practices Guide : Nested Loops"
                  , "link":"file:////opt/intel/oneapi/compiler/2023.1.0/linux/lib/oclfpga/aoc_help_pages/rfr1469543500580.html"
                }
              ]
            }
          ]
          , "children":
          [
            {
              "name":"IbfKernel.B2"
              , "data":
              ["Yes", "~2", "n/a"]
              , "debug":
              [
                [
                  {
                    "filename":"/home/bzbbaumt/Projects/min-ibf-fpga-oneapi/include/min_ibf_fpga/backend_sycl/kernel_ibf.cpp"
                    , "line":94
                  }
                ]
              ]
              , "details":
              [
                {
                  "type":"brief"
                  , "text":"Data dependency"
                }
                , {
                  "type":"text"
                  , "text":"Most critical loop feedback path during scheduling:"
                  , "details":
                  [
                    {
                      "type":"text"
                      , "text":"1.31 clock cycle 8-bit Integer Compare Operation (%L > %L)"
                      , "links":
                      [
                        {
                          "filename":"/opt/intel/oneapi/compiler/2023.1.0/linux/bin-llvm/../include/sycl/handler.hpp"
                          , "line":"1166"
                        }
                        , {
                          "filename":"/home/bzbbaumt/Projects/min-ibf-fpga-oneapi/include/min_ibf_fpga/backend_sycl/kernel_ibf.cpp"
                          , "line":"42"
                        }
                      ]
                    }
                    , {
                      "type":"text"
                      , "text":"1.00 clock cycle FFwd Destination Operation (%L > %L)"
                      , "links":
                      [
                        {
                          "filename":"/opt/intel/oneapi/compiler/2023.1.0/linux/bin-llvm/../include/sycl/handler.hpp"
                          , "line":"1166"
                        }
                        , {
                          "filename":"/home/bzbbaumt/Projects/min-ibf-fpga-oneapi/include/min_ibf_fpga/backend_sycl/kernel_ibf.cpp"
                          , "line":"9"
                        }
                      ]
                    }
                    , {
                      "type":"text"
                      , "text":"0.66 clock cycles 1-bit And Operation (%L > %L, %L)"
                      , "links":
                      [
                        {
                          "filename":"/opt/intel/oneapi/compiler/2023.1.0/linux/bin-llvm/../include/sycl/handler.hpp"
                          , "line":"1166"
                        }
                        , {
                          "filename":"/home/bzbbaumt/Projects/min-ibf-fpga-oneapi/include/min_ibf_fpga/backend_sycl/kernel_ibf.cpp"
                          , "line":"9"
                        }
                        , {
                          "filename":"/home/bzbbaumt/Projects/min-ibf-fpga-oneapi/include/min_ibf_fpga/backend_sycl/kernel_ibf.cpp"
                          , "line":"42"
                        }
                      ]
                    }
                  ]
                }
                , {
                  "type":"text"
                  , "text":"II is an approximation due to the following stallable instructions:"
                  , "details":
                  [
                    {
                      "type":"text"
                      , "text":"Pipe Read Operation (%L > %L > %L)"
                      , "links":
                      [
                        {
                          "filename":"/opt/intel/oneapi/compiler/2023.1.0/linux/bin-llvm/../include/sycl/handler.hpp"
                          , "line":"1166"
                        }
                        , {
                          "filename":"/home/bzbbaumt/Projects/min-ibf-fpga-oneapi/include/min_ibf_fpga/backend_sycl/kernel_ibf.cpp"
                          , "line":"36"
                        }
                        , {
                          "filename":"/opt/intel/oneapi/compiler/2023.1.0/linux/bin-llvm/../include/sycl/ext/intel/pipes.hpp"
                          , "line":"67"
                        }
                      ]
                    }
                    , {
                      "type":"text"
                      , "text":"Load Operation (%L > %L)"
                      , "links":
                      [
                        {
                          "filename":"/opt/intel/oneapi/compiler/2023.1.0/linux/bin-llvm/../include/sycl/handler.hpp"
                          , "line":"1166"
                        }
                        , {
                          "filename":"/home/bzbbaumt/Projects/min-ibf-fpga-oneapi/include/min_ibf_fpga/backend_sycl/kernel_ibf.cpp"
                          , "line":"50"
                        }
                      ]
                    }
                    , {
                      "type":"text"
                      , "text":"Load Operation (%L > %L > %L > %L)"
                      , "links":
                      [
                        {
                          "filename":"/opt/intel/oneapi/compiler/2023.1.0/linux/bin-llvm/../include/sycl/handler.hpp"
                          , "line":"1166"
                        }
                        , {
                          "filename":"/home/bzbbaumt/Projects/min-ibf-fpga-oneapi/include/min_ibf_fpga/backend_sycl/kernel_ibf.cpp"
                          , "line":"68"
                        }
                        , {
                          "filename":"/usr/lib/gcc/x86_64-linux-gnu/12/../../../../include/c++/12/bitset"
                          , "line":"974"
                        }
                        , {
                          "filename":"/usr/lib/gcc/x86_64-linux-gnu/12/../../../../include/c++/12/bitset"
                          , "line":"433"
                        }
                      ]
                    }
                    , {
                      "type":"text"
                      , "text":"Load Operation (%L > %L > %L > %L)"
                      , "links":
                      [
                        {
                          "filename":"/opt/intel/oneapi/compiler/2023.1.0/linux/bin-llvm/../include/sycl/handler.hpp"
                          , "line":"1166"
                        }
                        , {
                          "filename":"/home/bzbbaumt/Projects/min-ibf-fpga-oneapi/include/min_ibf_fpga/backend_sycl/kernel_ibf.cpp"
                          , "line":"68"
                        }
                        , {
                          "filename":"/usr/lib/gcc/x86_64-linux-gnu/12/../../../../include/c++/12/bitset"
                          , "line":"974"
                        }
                        , {
                          "filename":"/usr/lib/gcc/x86_64-linux-gnu/12/../../../../include/c++/12/bitset"
                          , "line":"433"
                        }
                      ]
                    }
                    , {
                      "type":"text"
                      , "text":"Store Operation (%L > %L)"
                      , "links":
                      [
                        {
                          "filename":"/opt/intel/oneapi/compiler/2023.1.0/linux/bin-llvm/../include/sycl/handler.hpp"
                          , "line":"1166"
                        }
                        , {
                          "filename":"/home/bzbbaumt/Projects/min-ibf-fpga-oneapi/include/min_ibf_fpga/backend_sycl/kernel_ibf.cpp"
                          , "line":"90"
                        }
                      ]
                    }
                  ]
                }
                , {
                  "type":"text"
                  , "text":"Maximum concurrent iterations: Capacity of loop"
                  , "details":
                  [
                    {
                      "type":"text"
                      , "text":"Use the %L viewer to estimate capacity"
                      , "links":
                      [
                        {
                          "view":"Fmax II Report"
                        }
                      ]
                    }
                  ]
                }
                , {
                  "type":"text"
                  , "text":"See %L for more information"
                  , "links":
                  [
                    {
                      "guide":"Best Practices Guide : Loops in a Single Work-Item Kernel"
                      , "link":"file:////opt/intel/oneapi/compiler/2023.1.0/linux/lib/oclfpga/aoc_help_pages/wfa1476380079940.html"
                    }
                  ]
                }
              ]
              , "children":
              [
                {
                  "name":"Fully unrolled loop"
                  , "data":
                  ["n/a", "n/a", "n/a"]
                  , "debug":
                  [
                    [
                      {
                        "filename":"kernel_ibf.cpp"
                        , "line":56
                      }
                    ]
                  ]
                  , "details":
                  [
                    {
                      "type":"brief"
                      , "text":"Unrolled by #pragma unroll"
                    }
                    , {
                      "type":"text"
                      , "text":"Unrolled by #pragma unroll"
                    }
                  ]
                  , "children":
                  [
                  ]
                }
              ]
            }
          ]
        }
      ]
    }
  ]
}
