{
  "nodes":
  [
    {
      "type":"kernel"
      , "id":2
      , "name":"MinimizerKernel"
      , "children":
      [
        {
          "type":"inst"
          , "id":10
          , "name":"Store"
          , "debug":
          [
            [
              {
                "filename":""
                , "line":0
              }
            ]
          ]
          , "details":
          [
            {
              "type":"table"
              , "Width":"64 bits"
              , "Type":"Pipelined never-stall"
              , "Stall-free":"Yes"
              , "Stores to":"kmer...value"
              , "Start Cycle":"808"
              , "Latency":"1"
              , "Reference":
              [
                {
                  "type":"text"
                  , "text":"See %L for more information"
                  , "links":
                  [
                    {
                      "guide":"Best Practices Guide : Load-Store Units"
                      , "link":"file:////opt/intel/oneapi/compiler/2023.1.0/linux/lib/oclfpga/aoc_help_pages/yeo1491314105959.html"
                    }
                  ]
                }
              ]
            }
          ]
        }
        , {
          "type":"inst"
          , "id":11
          , "name":"Store"
          , "debug":
          [
            [
              {
                "filename":""
                , "line":0
              }
            ]
          ]
          , "details":
          [
            {
              "type":"table"
              , "Width":"64 bits"
              , "Type":"Pipelined never-stall"
              , "Stall-free":"Yes"
              , "Stores to":"kmerComplement...value"
              , "Start Cycle":"808"
              , "Latency":"1"
              , "Reference":
              [
                {
                  "type":"text"
                  , "text":"See %L for more information"
                  , "links":
                  [
                    {
                      "guide":"Best Practices Guide : Load-Store Units"
                      , "link":"file:////opt/intel/oneapi/compiler/2023.1.0/linux/lib/oclfpga/aoc_help_pages/yeo1491314105959.html"
                    }
                  ]
                }
              ]
            }
          ]
        }
        , {
          "type":"memtype"
          , "id":34
          , "name":"On-chip Memory"
          , "children":
          [
            {
              "type":"memsys"
              , "id":35
              , "name":"kmer...value"
              , "debug":
              [
                [
                  {
                    "filename":"kernel_minimizer.hpp"
                    , "line":14
                  }
                ]
              ]
              , "children":
              [
                {
                  "type":"bank"
                  , "id":36
                  , "name":"Bank 0"
                  , "debug":
                  [
                    [
                      {
                        "filename":"kernel_minimizer.hpp"
                        , "line":14
                      }
                    ]
                  ]
                  , "children":
                  [
                    {
                      "type":"port"
                      , "id":37
                      , "name":"W"
                    }
                  ]
                  , "details":
                  [
                    {
                      "type":"table"
                      , "details":
                      [
                        {
                          "type":"brief"
                          , "text":"1 total ports/bank\n0 read ports/bank\n1 write ports/bank"
                        }
                      ]
                      , "Total number of ports per bank":"1"
                      , "Number of read ports per bank":"0"
                      , "Number of write ports per bank":"1"
                      , "Total replication":"1"
                    }
                  ]
                }
              ]
              , "details":
              [
                {
                  "type":"table"
                  , "Requested size":"5 bytes"
                  , "Implemented size":"8 bytes"
                  , "Number of banks":"1"
                  , "Bank width":"64 bits"
                  , "Bank depth":"1 word"
                  , "Number of replicates":"1"
                  , "Number of private copies":"1"
                  , "Reference":
                  [
                    {
                      "type":"text"
                      , "text":"See %L for more information"
                      , "links":
                      [
                        {
                          "guide":"Best Practices Guide : Local Memory"
                          , "link":"file:////opt/intel/oneapi/compiler/2023.1.0/linux/lib/oclfpga/aoc_help_pages/chn1469549457114.html"
                        }
                      ]
                    }
                  ]
                }
              ]
            }
            , {
              "type":"memsys"
              , "id":38
              , "name":"kmerComplement...value"
              , "debug":
              [
                [
                  {
                    "filename":"kernel_minimizer.hpp"
                    , "line":15
                  }
                ]
              ]
              , "children":
              [
                {
                  "type":"bank"
                  , "id":39
                  , "name":"Bank 0"
                  , "debug":
                  [
                    [
                      {
                        "filename":"kernel_minimizer.hpp"
                        , "line":15
                      }
                    ]
                  ]
                  , "children":
                  [
                    {
                      "type":"port"
                      , "id":40
                      , "name":"W"
                    }
                  ]
                  , "details":
                  [
                    {
                      "type":"table"
                      , "details":
                      [
                        {
                          "type":"brief"
                          , "text":"1 total ports/bank\n0 read ports/bank\n1 write ports/bank"
                        }
                      ]
                      , "Total number of ports per bank":"1"
                      , "Number of read ports per bank":"0"
                      , "Number of write ports per bank":"1"
                      , "Total replication":"1"
                    }
                  ]
                }
              ]
              , "details":
              [
                {
                  "type":"table"
                  , "Requested size":"5 bytes"
                  , "Implemented size":"8 bytes"
                  , "Number of banks":"1"
                  , "Bank width":"64 bits"
                  , "Bank depth":"1 word"
                  , "Number of replicates":"1"
                  , "Number of private copies":"1"
                  , "Reference":
                  [
                    {
                      "type":"text"
                      , "text":"See %L for more information"
                      , "links":
                      [
                        {
                          "guide":"Best Practices Guide : Local Memory"
                          , "link":"file:////opt/intel/oneapi/compiler/2023.1.0/linux/lib/oclfpga/aoc_help_pages/chn1469549457114.html"
                        }
                      ]
                    }
                  ]
                }
              ]
            }
          ]
        }
      ]
    }
  ]
  , "links":
  [
    {
      "from":10
      , "to":37
    }
    , {
      "from":11
      , "to":40
    }
  ]
}
