{"children":[{"children":[{"data":[594280,1182640,3737,1779,0],"details":[{"text":"Platform interface logic.","type":"text"}],"name":"Board interface","type":"resource"}],"name":"Static Partition","type":"partition"},{"data":[19892,24000,104,0,0],"details":[{"text":"Global interconnect for 5 global loads and 1 global store. Reduce number of global loads and stores to simplify global interconnect.","type":"text"},{"text":"For 5 global loads and 1 global store.","type":"brief"},{"links":[{"guide":"Best Practices Guide : Global Memory Interconnect","link":"file:////opt/intel/oneapi/compiler/2023.1.0/linux/lib/oclfpga/aoc_help_pages/hnj1476724450050.html"}],"text":"See %L for more information","type":"text"}],"name":"Global interconnect","type":"resource"},{"data":[2,71,2,0,0],"details":[{"text":"This read-only memory contains information for the host about the system and about each kernel in the system, including kernel names, arguments, and attributes. The system description ROM ensures that the binary image on the FPGA is compatible with the host program.","type":"text"},{"text":"Contains information for the host.","type":"brief"}],"name":"System description ROM","type":"resource"},{"children":[{"data":[11,390,0,0,7],"details":[{"text":"Pipe is implemented 128 bits wide by 25 deep.","type":"text"},{"text":"128b wide by 25 deep.","type":"brief"},{"links":[{"guide":"Best Practices Guide : Channels","link":"file:////opt/intel/oneapi/compiler/2023.1.0/linux/lib/oclfpga/aoc_help_pages/qah1476410829821.html"}],"text":"See %L for more information","type":"text"}],"name":"Pipe (sycl::_V1::ext::intel::pipe<fpga_tools::PipeArray<min_ibf_fpga::backend_sycl::RunKernel(sycl::_V1::queue&, sycl::_V1::buffer<char, 1, sycl::_V1::detail::aligned_allocator<char>)","type":"resource"}],"data":[11,390,0,0,7],"name":"Pipe resources","type":"group"},{"children":[{"data":[938,723,0,0,17],"details":[{"text":"Feedback+Cluster logic","type":"brief"}],"name":"Data control overhead","type":"resource"},{"data":[1463,1467,0,0,6],"details":[{"text":"Kernel dispatch logic.","type":"text"},{"text":"Kernel dispatch logic.","type":"brief"}],"name":"Function overhead","type":"resource"},{"data":[16,102,0,0,0],"details":[{"text":"Type: Register","type":"text"},{"text":"1 register of width 25 bits","type":"text"},{"text":"1 register of width 26 bits","type":"text"},{"text":"Register,\n1 reg, 25 width,\n1 reg, 26 width","type":"brief"}],"name":"Coalesced Private Variables: \n - 'a' (ac_int.hpp:930)\n - 'res' (ac_int.hpp:773)","type":"resource"},{"data":[20,50,0,0,0],"details":[{"text":"Type: Register","type":"text"},{"text":"1 register of width 25 bits","type":"text"},{"text":"Register,\n1 reg, 25 width","type":"brief"}],"name":"Coalesced Private Variables: \n - 'a' (ac_int.hpp:930)\n - 'res' (ac_int.hpp:773)\n - 'a' (ac_int.hpp:923)\n - 'a' (ac_int.hpp:930)\n - 'a' (ac_int.hpp:923)\n - 'a' (ac_int.hpp:923)","type":"resource"},{"data":[20,50,0,0,0],"details":[{"text":"Type: Register","type":"text"},{"text":"1 register of width 25 bits","type":"text"},{"text":"Register,\n1 reg, 25 width","type":"brief"}],"name":"Coalesced Private Variables: \n - 'b' (ac_int.hpp:931)\n - 'b' (ac_int.hpp:924)\n - 'b' (ac_int.hpp:924)\n - 'iterations' (kernel_minimizer.cpp:24)","type":"resource"},{"data":[27,76,0,0,0],"details":[{"text":"Type: Register","type":"text"},{"text":"1 register of width 38 bits","type":"text"},{"text":"Register,\n1 reg, 38 width","type":"brief"}],"name":"Coalesced Private Variables: \n - 'current' (kernel_minimizer.hpp:59)\n - 'minimizer' (kernel_minimizer.hpp:54)\n - 'a' (ac_int.hpp:930)\n - 'b' (ac_int.hpp:931)\n - 'hashBuffer' (kernel_minimizer.cpp:29)","type":"resource"},{"data":[72,310,0,0,0],"details":[{"text":"Type: Shift Register (4 or fewer tap points)","type":"text"},{"text":"1 register of width 3 bits","type":"text"},{"text":"3 registers of width 38 bits","type":"text"},{"text":"Shift Register,\n1 reg, 3 width,\n3 regs, 38 width","type":"brief"}],"name":"Coalesced Private Variables: \n - 'current' (kernel_minimizer.hpp:59)\n - 'minimizer' (kernel_minimizer.hpp:54)\n - 'a' (ac_int.hpp:930)\n - 'hashBuffer' (kernel_minimizer.cpp:29)","type":"resource"},{"data":[8,80,0,0,0],"details":[{"text":"Type: Register","type":"text"},{"text":"1 register of width 40 bits","type":"text"},{"text":"Register,\n1 reg, 40 width","type":"brief"}],"name":"Coalesced Private Variables: \n - 'data' (kernel_minimizer.cpp:77)\n - 'lastMinimizer' (kernel_minimizer.cpp:32)\n - 'localLastMinimizer' (kernel_minimizer.cpp:62)","type":"resource"},{"data":[8,16,0,0,0],"details":[{"text":"Type: Register","type":"text"},{"text":"1 register of width 8 bits","type":"text"},{"text":"Register,\n1 reg, 8 width","type":"brief"}],"name":"Coalesced Private Variables: \n - 'lastMinimizer' (kernel_minimizer.cpp:32)\n - 'localLastMinimizer' (kernel_minimizer.cpp:62)","type":"resource"},{"data":[8,50,0,0,0],"details":[{"text":"Type: Register","type":"text"},{"text":"1 register of width 25 bits","type":"text"},{"text":"Register,\n1 reg, 25 width","type":"brief"}],"name":"Coalesced Private Variables: \n - 'r' (ac_int.hpp:1598)\n - 'localQueryOffset' (kernel_minimizer.cpp:19)","type":"resource"},{"data":[145,296,0,0,0],"details":[{"text":"Type: Register","type":"text"},{"text":"18 registers of width 8 bits","type":"text"},{"text":"Register,\n18 regs, 8 width","type":"brief"}],"name":"Private Variable: \n - 'queryBuffer' (kernel_minimizer.cpp:28)","type":"resource"},{"data":[0,0,0,0,4],"details":[{"Additional information":[{"text":"Requested size 5 bytes, implemented size 8 bytes, stall-free, 0 reads and 1 write. ","type":"text"},{"text":"Private memory implemented in on-chip block RAM.","type":"text"}],"Bank depth":"1 word","Bank width":"64 bits","Implemented size":"8 bytes","Memory Usage":"4 MLABs","Number of banks":"1","Number of private copies":"1","Number of replicates":"1","Private memory":"Stall-free","Reference":[{"links":[{"guide":"Best Practices Guide : Local Memory","link":"file:////opt/intel/oneapi/compiler/2023.1.0/linux/lib/oclfpga/aoc_help_pages/chn1469549457114.html"}],"text":"See %L for more information.","type":"text"}],"Requested size":"5 bytes","type":"table"},{"text":"Stall-free,\n5B requested,\n8B implemented.","type":"brief"}],"name":"kernel_minimizer.hpp:14 (kmer...value)","type":"resource"},{"data":[0,0,0,0,4],"details":[{"Additional information":[{"text":"Requested size 5 bytes, implemented size 8 bytes, stall-free, 0 reads and 1 write. ","type":"text"},{"text":"Private memory implemented in on-chip block RAM.","type":"text"}],"Bank depth":"1 word","Bank width":"64 bits","Implemented size":"8 bytes","Memory Usage":"4 MLABs","Number of banks":"1","Number of private copies":"1","Number of replicates":"1","Private memory":"Stall-free","Reference":[{"links":[{"guide":"Best Practices Guide : Local Memory","link":"file:////opt/intel/oneapi/compiler/2023.1.0/linux/lib/oclfpga/aoc_help_pages/chn1469549457114.html"}],"text":"See %L for more information.","type":"text"}],"Requested size":"5 bytes","type":"table"},{"text":"Stall-free,\n5B requested,\n8B implemented.","type":"brief"}],"name":"kernel_minimizer.hpp:15 (kmerComplement...value)","type":"resource"},{"children":[{"count":3,"data":[433,1616,0,0,6],"debug":[[{"filename":"","line":0}]],"name":"State","type":"resource"},{"count":1,"data":[25,0,0,0,0],"debug":[[{"filename":"","line":0}]],"name":"25-bit Select","type":"resource"},{"count":1,"data":[26,0,0,0,0],"debug":[[{"filename":"","line":0}]],"name":"26-bit Select","type":"resource"},{"count":4,"data":[4,0,0,0,0],"debug":[[{"filename":"","line":0}]],"name":"8-bit Select","type":"resource"},{"count":1,"data":[1,0,0,0,0],"debug":[[{"filename":"","line":0}]],"name":"1-bit Select","type":"resource"},{"count":1,"data":[3,0,0,0,0],"debug":[[{"filename":"","line":0}]],"name":"3-bit Integer Subtract","type":"resource"},{"count":1,"data":[1,0,0,0,0],"debug":[[{"filename":"","line":0}]],"name":"3-bit Select","type":"resource"},{"count":2,"data":[126,48,0,0,0],"debug":[[{"filename":"","line":0}]],"name":"Store","type":"resource"},{"count":1,"data":[1,1,0,0,0],"debug":[[{"filename":"","line":0}]],"name":"llvm.fpga.fanout","type":"resource"}],"data":[620,1665,0,0,6],"name":"No Source Line","type":"resource"},{"children":[{"children":[{"count":"1","data":[2,27,0,0,0],"debug":[[{"filename":"/opt/intel/oneapi/compiler/2023.1.0/linux/bin-llvm/../include/sycl/handler.hpp","line":"1166"}]],"name":"State","type":"resource"}],"data":[2,27,0,0,0],"debug":[[{"filename":"/opt/intel/oneapi/compiler/2023.1.0/linux/bin-llvm/../include/sycl/handler.hpp","line":1166},{"filename":"/home/bzbbaumt/Projects/min-ibf-fpga-oneapi/include/min_ibf_fpga/backend_sycl/kernel_minimizer.cpp","line":13},{"filename":"/opt/intel/oneapi/compiler/2023.1.0/linux/lib/oclfpga/include/sycl/ext/intel/ac_types/ac_int.hpp","line":1393},{"filename":"/opt/intel/oneapi/compiler/2023.1.0/linux/lib/oclfpga/include/sycl/ext/intel/ac_types/ac_int.hpp","line":1012},{"filename":"/opt/intel/oneapi/compiler/2023.1.0/linux/lib/oclfpga/include/sycl/ext/intel/ac_types/ac_int.hpp","line":633}]],"name":"handler.hpp:1166 > kernel_minimizer.cpp:13 > \nac_int.hpp:1393 > ac_int.hpp:1012 > \nac_int.hpp:633","replace_name":true,"type":"resource"},{"children":[{"count":"1","data":[0,26,0,0,0],"debug":[[{"filename":"/opt/intel/oneapi/compiler/2023.1.0/linux/bin-llvm/../include/sycl/handler.hpp","line":"1166"}]],"name":"State","type":"resource"},{"count":1,"data":[28,1,0,0,0],"debug":[[{"filename":"/opt/intel/oneapi/compiler/2023.1.0/linux/bin-llvm/../include/sycl/handler.hpp","line":"1166"}]],"name":"25-bit Integer Compare","type":"resource"},{"count":1,"data":[24,0,0,0,0],"debug":[[{"filename":"/opt/intel/oneapi/compiler/2023.1.0/linux/bin-llvm/../include/sycl/handler.hpp","line":"1166"}]],"name":"25-bit Select","type":"resource"},{"count":1,"data":[1,0,0,0,0],"debug":[[{"filename":"/opt/intel/oneapi/compiler/2023.1.0/linux/bin-llvm/../include/sycl/handler.hpp","line":"1166"}]],"name":"1-bit And","type":"resource"},{"count":1,"data":[9,0,0,0,0],"debug":[[{"filename":"/opt/intel/oneapi/compiler/2023.1.0/linux/bin-llvm/../include/sycl/handler.hpp","line":"1166"}]],"name":"26-bit Integer Compare","type":"resource"}],"data":[62,27,0,0,0],"debug":[[{"filename":"/opt/intel/oneapi/compiler/2023.1.0/linux/bin-llvm/../include/sycl/handler.hpp","line":1166},{"filename":"/home/bzbbaumt/Projects/min-ibf-fpga-oneapi/include/min_ibf_fpga/backend_sycl/kernel_minimizer.cpp","line":15}]],"name":"handler.hpp:1166 > kernel_minimizer.cpp:15","replace_name":true,"type":"resource"},{"children":[{"count":"1","data":[0,1,0,0,0],"debug":[[{"filename":"/opt/intel/oneapi/compiler/2023.1.0/linux/bin-llvm/../include/sycl/handler.hpp","line":"1166"}]],"name":"State","type":"resource"},{"count":1,"data":[28,1,0,0,0],"debug":[[{"filename":"/opt/intel/oneapi/compiler/2023.1.0/linux/bin-llvm/../include/sycl/handler.hpp","line":"1166"}]],"name":"25-bit Integer Compare","type":"resource"},{"count":1,"data":[1,0,0,0,0],"debug":[[{"filename":"/opt/intel/oneapi/compiler/2023.1.0/linux/bin-llvm/../include/sycl/handler.hpp","line":"1166"}]],"name":"1-bit And","type":"resource"}],"data":[29,2,0,0,0],"debug":[[{"filename":"/opt/intel/oneapi/compiler/2023.1.0/linux/bin-llvm/../include/sycl/handler.hpp","line":1166},{"filename":"/home/bzbbaumt/Projects/min-ibf-fpga-oneapi/include/min_ibf_fpga/backend_sycl/kernel_minimizer.cpp","line":15},{"filename":"/opt/intel/oneapi/compiler/2023.1.0/linux/lib/oclfpga/include/sycl/ext/intel/ac_types/ac_int.hpp","line":1780},{"filename":"/opt/intel/oneapi/compiler/2023.1.0/linux/lib/oclfpga/include/sycl/ext/intel/ac_types/ac_int.hpp","line":932}]],"name":"handler.hpp:1166 > kernel_minimizer.cpp:15 > \nac_int.hpp:1780 > ac_int.hpp:932","replace_name":true,"type":"resource"},{"children":[{"count":1,"data":[376,560,13,0,0],"debug":[[{"filename":"/opt/intel/oneapi/compiler/2023.1.0/linux/bin-llvm/../include/sycl/handler.hpp","line":"1166"}]],"name":"Load","type":"resource"}],"data":[376,560,13,0,0],"debug":[[{"filename":"/opt/intel/oneapi/compiler/2023.1.0/linux/bin-llvm/../include/sycl/handler.hpp","line":1166},{"filename":"/home/bzbbaumt/Projects/min-ibf-fpga-oneapi/include/min_ibf_fpga/backend_sycl/kernel_minimizer.cpp","line":17},{"filename":"/opt/intel/oneapi/compiler/2023.1.0/linux/bin-llvm/../include/sycl/ext/intel/fpga_lsu.hpp","line":56}]],"name":"handler.hpp:1166 > kernel_minimizer.cpp:17 > \nfpga_lsu.hpp:56","replace_name":true,"type":"resource"},{"children":[{"count":1,"data":[25,0,0,0,0],"debug":[[{"filename":"/opt/intel/oneapi/compiler/2023.1.0/linux/bin-llvm/../include/sycl/handler.hpp","line":"1166"}]],"name":"25-bit Integer Add","type":"resource"}],"data":[25,0,0,0,0],"debug":[[{"filename":"/opt/intel/oneapi/compiler/2023.1.0/linux/bin-llvm/../include/sycl/handler.hpp","line":1166},{"filename":"/home/bzbbaumt/Projects/min-ibf-fpga-oneapi/include/min_ibf_fpga/backend_sycl/kernel_minimizer.cpp","line":20},{"filename":"/opt/intel/oneapi/compiler/2023.1.0/linux/lib/oclfpga/include/sycl/ext/intel/ac_types/ac_int.hpp","line":1599},{"filename":"/opt/intel/oneapi/compiler/2023.1.0/linux/lib/oclfpga/include/sycl/ext/intel/ac_types/ac_int.hpp","line":739}]],"name":"handler.hpp:1166 > kernel_minimizer.cpp:20 > \nac_int.hpp:1599 > ac_int.hpp:739","replace_name":true,"type":"resource"},{"children":[{"count":1,"data":[1,0,0,0,0],"debug":[[{"filename":"/opt/intel/oneapi/compiler/2023.1.0/linux/bin-llvm/../include/sycl/handler.hpp","line":"1166"}]],"name":"1-bit And","type":"resource"},{"count":3,"data":[3,0,0,0,0],"debug":[[{"filename":"/opt/intel/oneapi/compiler/2023.1.0/linux/bin-llvm/../include/sycl/handler.hpp","line":"1166"}]],"name":"1-bit Or","type":"resource"},{"count":1,"data":[28,1,0,0,0],"debug":[[{"filename":"/opt/intel/oneapi/compiler/2023.1.0/linux/bin-llvm/../include/sycl/handler.hpp","line":"1166"}]],"name":"25-bit Integer Compare","type":"resource"}],"data":[32,1,0,0,0],"debug":[[{"filename":"/opt/intel/oneapi/compiler/2023.1.0/linux/bin-llvm/../include/sycl/handler.hpp","line":1166},{"filename":"/home/bzbbaumt/Projects/min-ibf-fpga-oneapi/include/min_ibf_fpga/backend_sycl/kernel_minimizer.cpp","line":34},{"filename":"/opt/intel/oneapi/compiler/2023.1.0/linux/lib/oclfpga/include/sycl/ext/intel/ac_types/ac_int.hpp","line":1792},{"filename":"/opt/intel/oneapi/compiler/2023.1.0/linux/lib/oclfpga/include/sycl/ext/intel/ac_types/ac_int.hpp","line":925}]],"name":"handler.hpp:1166 > kernel_minimizer.cpp:34 > \nac_int.hpp:1792 > ac_int.hpp:925","replace_name":true,"type":"resource"},{"children":[{"count":1,"data":[8,0,0,0,0],"debug":[[{"filename":"/opt/intel/oneapi/compiler/2023.1.0/linux/bin-llvm/../include/sycl/handler.hpp","line":"1166"}]],"name":"8-bit Select","type":"resource"}],"data":[8,0,0,0,0],"debug":[[{"filename":"/opt/intel/oneapi/compiler/2023.1.0/linux/bin-llvm/../include/sycl/handler.hpp","line":1166},{"filename":"/home/bzbbaumt/Projects/min-ibf-fpga-oneapi/include/min_ibf_fpga/backend_sycl/kernel_minimizer.cpp","line":28}]],"name":"handler.hpp:1166 > kernel_minimizer.cpp:28","replace_name":true,"type":"resource"},{"children":[{"count":1,"data":[1,0,0,0,0],"debug":[[{"filename":"/opt/intel/oneapi/compiler/2023.1.0/linux/bin-llvm/../include/sycl/handler.hpp","line":"1166"}]],"name":"1-bit And","type":"resource"}],"data":[1,0,0,0,0],"debug":[[{"filename":"/opt/intel/oneapi/compiler/2023.1.0/linux/bin-llvm/../include/sycl/handler.hpp","line":1166},{"filename":"/home/bzbbaumt/Projects/min-ibf-fpga-oneapi/include/min_ibf_fpga/backend_sycl/kernel_minimizer.cpp","line":34}]],"name":"handler.hpp:1166 > kernel_minimizer.cpp:34","replace_name":true,"type":"resource"},{"children":[{"count":1,"data":[28,1,0,0,0],"debug":[[{"filename":"/opt/intel/oneapi/compiler/2023.1.0/linux/bin-llvm/../include/sycl/handler.hpp","line":"1166"}]],"name":"25-bit Integer Compare","type":"resource"}],"data":[28,1,0,0,0],"debug":[[{"filename":"/opt/intel/oneapi/compiler/2023.1.0/linux/bin-llvm/../include/sycl/handler.hpp","line":1166},{"filename":"/home/bzbbaumt/Projects/min-ibf-fpga-oneapi/include/min_ibf_fpga/backend_sycl/kernel_minimizer.cpp","line":51},{"filename":"/opt/intel/oneapi/compiler/2023.1.0/linux/lib/oclfpga/include/sycl/ext/intel/ac_types/ac_int.hpp","line":1780},{"filename":"/opt/intel/oneapi/compiler/2023.1.0/linux/lib/oclfpga/include/sycl/ext/intel/ac_types/ac_int.hpp","line":932}]],"name":"handler.hpp:1166 > kernel_minimizer.cpp:51 > \nac_int.hpp:1780 > ac_int.hpp:932","replace_name":true,"type":"resource"},{"children":[{"count":1,"data":[26,26,0,0,0],"debug":[[{"filename":"/opt/intel/oneapi/compiler/2023.1.0/linux/bin-llvm/../include/sycl/handler.hpp","line":"1166"}]],"name":"Integer Add: signed 25-bit + signed 25-bit -> 26-bit ","type":"resource"}],"data":[26,26,0,0,0],"debug":[[{"filename":"/opt/intel/oneapi/compiler/2023.1.0/linux/bin-llvm/../include/sycl/handler.hpp","line":1166},{"filename":"/home/bzbbaumt/Projects/min-ibf-fpga-oneapi/include/min_ibf_fpga/backend_sycl/kernel_minimizer.cpp","line":52},{"filename":"/opt/intel/oneapi/compiler/2023.1.0/linux/lib/oclfpga/include/sycl/ext/intel/ac_types/ac_int.hpp","line":1514},{"filename":"/opt/intel/oneapi/compiler/2023.1.0/linux/lib/oclfpga/include/sycl/ext/intel/ac_types/ac_int.hpp","line":739}]],"name":"handler.hpp:1166 > kernel_minimizer.cpp:52 > \nac_int.hpp:1514 > ac_int.hpp:739","replace_name":true,"type":"resource"},{"children":[{"count":1,"data":[1,0,0,0,0],"debug":[[{"filename":"/opt/intel/oneapi/compiler/2023.1.0/linux/bin-llvm/../include/sycl/handler.hpp","line":"1166"}]],"name":"1-bit And","type":"resource"},{"count":1,"data":[432,392,13,0,0],"debug":[[{"filename":"/opt/intel/oneapi/compiler/2023.1.0/linux/bin-llvm/../include/sycl/handler.hpp","line":"1166"}]],"name":"Load","type":"resource"}],"data":[433,392,13,0,0],"debug":[[{"filename":"/opt/intel/oneapi/compiler/2023.1.0/linux/bin-llvm/../include/sycl/handler.hpp","line":1166},{"filename":"/home/bzbbaumt/Projects/min-ibf-fpga-oneapi/include/min_ibf_fpga/backend_sycl/kernel_minimizer.cpp","line":52},{"filename":"/opt/intel/oneapi/compiler/2023.1.0/linux/bin-llvm/../include/sycl/ext/intel/fpga_lsu.hpp","line":56}]],"name":"handler.hpp:1166 > kernel_minimizer.cpp:52 > \nfpga_lsu.hpp:56","replace_name":true,"type":"resource"},{"children":[{"count":19,"data":[76,38,0,0,0],"debug":[[{"filename":"/opt/intel/oneapi/compiler/2023.1.0/linux/bin-llvm/../include/sycl/handler.hpp","line":"1166"}]],"name":"llvm.fpga.case","type":"resource"}],"data":[76,38,0,0,0],"debug":[[{"filename":"/opt/intel/oneapi/compiler/2023.1.0/linux/bin-llvm/../include/sycl/handler.hpp","line":1166},{"filename":"/home/bzbbaumt/Projects/min-ibf-fpga-oneapi/include/min_ibf_fpga/backend_sycl/kernel_minimizer.cpp","line":59},{"filename":"/home/bzbbaumt/Projects/min-ibf-fpga-oneapi/include/min_ibf_fpga/backend_sycl/kernel_minimizer.hpp","line":20},{"filename":"/home/bzbbaumt/Projects/min-ibf-fpga-oneapi/include/min_ibf_fpga/backend_sycl/kernel_minimizer.hpp","line":6}]],"name":"handler.hpp:1166 > kernel_minimizer.cpp:59 > \nkernel_minimizer.hpp:20 > kernel_minimizer.hpp:6","replace_name":true,"type":"resource"},{"children":[{"count":1,"data":[0.333333,0,0,0,0],"debug":[[{"filename":"/opt/intel/oneapi/compiler/2023.1.0/linux/bin-llvm/../include/sycl/handler.hpp","line":"1166"}]],"name":"1-bit Or","type":"resource"},{"count":1,"data":[13.6667,0.333333,0,0,0],"debug":[[{"filename":"/opt/intel/oneapi/compiler/2023.1.0/linux/bin-llvm/../include/sycl/handler.hpp","line":"1166"}]],"name":"38-bit Integer Compare","type":"resource"},{"count":1,"data":[38,0,0,0,0],"debug":[[{"filename":"/opt/intel/oneapi/compiler/2023.1.0/linux/bin-llvm/../include/sycl/handler.hpp","line":"1166"}]],"name":"38-bit Select","type":"resource"}],"data":[52,0.333333,0,0,0],"debug":[[{"filename":"/opt/intel/oneapi/compiler/2023.1.0/linux/bin-llvm/../include/sycl/handler.hpp","line":1166},{"filename":"/home/bzbbaumt/Projects/min-ibf-fpga-oneapi/include/min_ibf_fpga/backend_sycl/kernel_minimizer.cpp","line":59},{"filename":"/home/bzbbaumt/Projects/min-ibf-fpga-oneapi/include/min_ibf_fpga/backend_sycl/kernel_minimizer.hpp","line":49}]],"name":"handler.hpp:1166 > kernel_minimizer.cpp:59 > \nkernel_minimizer.hpp:49","replace_name":true,"type":"resource"},{"children":[{"count":1,"data":[41,1,0,0,0],"debug":[[{"filename":"/opt/intel/oneapi/compiler/2023.1.0/linux/bin-llvm/../include/sycl/handler.hpp","line":"1166"}]],"name":"38-bit Integer Compare","type":"resource"}],"data":[41,1,0,0,0],"debug":[[{"filename":"/opt/intel/oneapi/compiler/2023.1.0/linux/bin-llvm/../include/sycl/handler.hpp","line":1166},{"filename":"/home/bzbbaumt/Projects/min-ibf-fpga-oneapi/include/min_ibf_fpga/backend_sycl/kernel_minimizer.cpp","line":59},{"filename":"/home/bzbbaumt/Projects/min-ibf-fpga-oneapi/include/min_ibf_fpga/backend_sycl/kernel_minimizer.hpp","line":49},{"filename":"/opt/intel/oneapi/compiler/2023.1.0/linux/lib/oclfpga/include/sycl/ext/intel/ac_types/ac_int.hpp","line":1780},{"filename":"/opt/intel/oneapi/compiler/2023.1.0/linux/lib/oclfpga/include/sycl/ext/intel/ac_types/ac_int.hpp","line":932}]],"name":"handler.hpp:1166 > kernel_minimizer.cpp:59 > \nkernel_minimizer.hpp:49 > ac_int.hpp:1780 > \nac_int.hpp:932","replace_name":true,"type":"resource"},{"children":[{"count":1,"data":[0.333333,0,0,0,0],"debug":[[{"filename":"/opt/intel/oneapi/compiler/2023.1.0/linux/bin-llvm/../include/sycl/handler.hpp","line":"1166"}]],"name":"1-bit Or","type":"resource"},{"count":3,"data":[54.6667,1.33333,0,0,0],"debug":[[{"filename":"/opt/intel/oneapi/compiler/2023.1.0/linux/bin-llvm/../include/sycl/handler.hpp","line":"1166"}]],"name":"38-bit Integer Compare","type":"resource"},{"count":4,"data":[152,114,0,0,0],"debug":[[{"filename":"/opt/intel/oneapi/compiler/2023.1.0/linux/bin-llvm/../include/sycl/handler.hpp","line":"1166"}]],"name":"38-bit Select","type":"resource"},{"count":4,"data":[6.66667,0,0,0,0],"debug":[[{"filename":"/opt/intel/oneapi/compiler/2023.1.0/linux/bin-llvm/../include/sycl/handler.hpp","line":"1166"}]],"name":"8-bit Select","type":"resource"}],"data":[213.667,115.333,0,0,0],"debug":[[{"filename":"/opt/intel/oneapi/compiler/2023.1.0/linux/bin-llvm/../include/sycl/handler.hpp","line":1166},{"filename":"/home/bzbbaumt/Projects/min-ibf-fpga-oneapi/include/min_ibf_fpga/backend_sycl/kernel_minimizer.cpp","line":61},{"filename":"/home/bzbbaumt/Projects/min-ibf-fpga-oneapi/include/min_ibf_fpga/backend_sycl/kernel_minimizer.hpp","line":61}]],"name":"handler.hpp:1166 > kernel_minimizer.cpp:61 > \nkernel_minimizer.hpp:61","replace_name":true,"type":"resource"},{"children":[{"count":1,"data":[0.333333,0,0,0,0],"debug":[[{"filename":"/opt/intel/oneapi/compiler/2023.1.0/linux/bin-llvm/../include/sycl/handler.hpp","line":"1166"}]],"name":"1-bit Or","type":"resource"},{"count":4,"data":[95.6667,2.33333,0,0,0],"debug":[[{"filename":"/opt/intel/oneapi/compiler/2023.1.0/linux/bin-llvm/../include/sycl/handler.hpp","line":"1166"}]],"name":"38-bit Integer Compare","type":"resource"}],"data":[96,2.33333,0,0,0],"debug":[[{"filename":"/opt/intel/oneapi/compiler/2023.1.0/linux/bin-llvm/../include/sycl/handler.hpp","line":1166},{"filename":"/home/bzbbaumt/Projects/min-ibf-fpga-oneapi/include/min_ibf_fpga/backend_sycl/kernel_minimizer.cpp","line":61},{"filename":"/home/bzbbaumt/Projects/min-ibf-fpga-oneapi/include/min_ibf_fpga/backend_sycl/kernel_minimizer.hpp","line":61},{"filename":"/opt/intel/oneapi/compiler/2023.1.0/linux/lib/oclfpga/include/sycl/ext/intel/ac_types/ac_int.hpp","line":1780},{"filename":"/opt/intel/oneapi/compiler/2023.1.0/linux/lib/oclfpga/include/sycl/ext/intel/ac_types/ac_int.hpp","line":932}]],"name":"handler.hpp:1166 > kernel_minimizer.cpp:61 > \nkernel_minimizer.hpp:61 > ac_int.hpp:1780 > \nac_int.hpp:932","replace_name":true,"type":"resource"},{"children":[{"count":1,"data":[2.66667,0,0,0,0],"debug":[[{"filename":"/opt/intel/oneapi/compiler/2023.1.0/linux/bin-llvm/../include/sycl/handler.hpp","line":"1166"}]],"name":"8-bit Select","type":"resource"}],"data":[2.66667,0,0,0,0],"debug":[[{"filename":"/opt/intel/oneapi/compiler/2023.1.0/linux/bin-llvm/../include/sycl/handler.hpp","line":1166},{"filename":"/home/bzbbaumt/Projects/min-ibf-fpga-oneapi/include/min_ibf_fpga/backend_sycl/kernel_minimizer.cpp","line":62}]],"name":"handler.hpp:1166 > kernel_minimizer.cpp:62","replace_name":true,"type":"resource"},{"children":[{"count":1,"data":[40,0,0,0,0],"debug":[[{"filename":"/opt/intel/oneapi/compiler/2023.1.0/linux/bin-llvm/../include/sycl/handler.hpp","line":"1166"}]],"name":"40-bit Select","type":"resource"},{"count":4,"data":[6.66667,0,0,0,0],"debug":[[{"filename":"/opt/intel/oneapi/compiler/2023.1.0/linux/bin-llvm/../include/sycl/handler.hpp","line":"1166"}]],"name":"8-bit Select","type":"resource"}],"data":[46.6667,0,0,0,0],"debug":[[{"filename":"/opt/intel/oneapi/compiler/2023.1.0/linux/bin-llvm/../include/sycl/handler.hpp","line":1166},{"filename":"/home/bzbbaumt/Projects/min-ibf-fpga-oneapi/include/min_ibf_fpga/backend_sycl/kernel_minimizer.cpp","line":64}]],"name":"handler.hpp:1166 > kernel_minimizer.cpp:64","replace_name":true,"type":"resource"},{"children":[{"count":1,"data":[28,1,0,0,0],"debug":[[{"filename":"/opt/intel/oneapi/compiler/2023.1.0/linux/bin-llvm/../include/sycl/handler.hpp","line":"1166"}]],"name":"25-bit Integer Compare","type":"resource"}],"data":[28,1,0,0,0],"debug":[[{"filename":"/opt/intel/oneapi/compiler/2023.1.0/linux/bin-llvm/../include/sycl/handler.hpp","line":1166},{"filename":"/home/bzbbaumt/Projects/min-ibf-fpga-oneapi/include/min_ibf_fpga/backend_sycl/kernel_minimizer.cpp","line":64},{"filename":"/opt/intel/oneapi/compiler/2023.1.0/linux/lib/oclfpga/include/sycl/ext/intel/ac_types/ac_int.hpp","line":2275},{"filename":"/opt/intel/oneapi/compiler/2023.1.0/linux/lib/oclfpga/include/sycl/ext/intel/ac_types/ac_int.hpp","line":1784},{"filename":"/opt/intel/oneapi/compiler/2023.1.0/linux/lib/oclfpga/include/sycl/ext/intel/ac_types/ac_int.hpp","line":932}]],"name":"handler.hpp:1166 > kernel_minimizer.cpp:64 > \nac_int.hpp:2275 > ac_int.hpp:1784 > \nac_int.hpp:932","replace_name":true,"type":"resource"},{"children":[{"count":1,"data":[3,1,0,0,0],"debug":[[{"filename":"/opt/intel/oneapi/compiler/2023.1.0/linux/bin-llvm/../include/sycl/handler.hpp","line":"1166"}]],"name":"8-bit Integer Compare","type":"resource"}],"data":[3,1,0,0,0],"debug":[[{"filename":"/opt/intel/oneapi/compiler/2023.1.0/linux/bin-llvm/../include/sycl/handler.hpp","line":1166},{"filename":"/home/bzbbaumt/Projects/min-ibf-fpga-oneapi/include/min_ibf_fpga/backend_sycl/kernel_minimizer.cpp","line":68}]],"name":"handler.hpp:1166 > kernel_minimizer.cpp:68","replace_name":true,"type":"resource"},{"children":[{"count":1,"data":[1,0,0,0,0],"debug":[[{"filename":"/opt/intel/oneapi/compiler/2023.1.0/linux/bin-llvm/../include/sycl/handler.hpp","line":"1166"}]],"name":"1-bit Select","type":"resource"},{"count":1,"data":[13,1,0,0,0],"debug":[[{"filename":"/opt/intel/oneapi/compiler/2023.1.0/linux/bin-llvm/../include/sycl/handler.hpp","line":"1166"}]],"name":"38-bit Integer Compare","type":"resource"}],"data":[14,1,0,0,0],"debug":[[{"filename":"/opt/intel/oneapi/compiler/2023.1.0/linux/bin-llvm/../include/sycl/handler.hpp","line":1166},{"filename":"/home/bzbbaumt/Projects/min-ibf-fpga-oneapi/include/min_ibf_fpga/backend_sycl/kernel_minimizer.cpp","line":69}]],"name":"handler.hpp:1166 > kernel_minimizer.cpp:69","replace_name":true,"type":"resource"},{"children":[{"count":1,"data":[28,1,0,0,0],"debug":[[{"filename":"/opt/intel/oneapi/compiler/2023.1.0/linux/bin-llvm/../include/sycl/handler.hpp","line":"1166"}]],"name":"25-bit Integer Compare","type":"resource"}],"data":[28,1,0,0,0],"debug":[[{"filename":"/opt/intel/oneapi/compiler/2023.1.0/linux/bin-llvm/../include/sycl/handler.hpp","line":1166},{"filename":"/home/bzbbaumt/Projects/min-ibf-fpga-oneapi/include/min_ibf_fpga/backend_sycl/kernel_minimizer.cpp","line":70},{"filename":"/opt/intel/oneapi/compiler/2023.1.0/linux/lib/oclfpga/include/sycl/ext/intel/ac_types/ac_int.hpp","line":1788},{"filename":"/opt/intel/oneapi/compiler/2023.1.0/linux/lib/oclfpga/include/sycl/ext/intel/ac_types/ac_int.hpp","line":925}]],"name":"handler.hpp:1166 > kernel_minimizer.cpp:70 > \nac_int.hpp:1788 > ac_int.hpp:925","replace_name":true,"type":"resource"},{"children":[{"count":1,"data":[28,1,0,0,0],"debug":[[{"filename":"/opt/intel/oneapi/compiler/2023.1.0/linux/bin-llvm/../include/sycl/handler.hpp","line":"1166"}]],"name":"25-bit Integer Compare","type":"resource"}],"data":[28,1,0,0,0],"debug":[[{"filename":"/opt/intel/oneapi/compiler/2023.1.0/linux/bin-llvm/../include/sycl/handler.hpp","line":1166},{"filename":"/home/bzbbaumt/Projects/min-ibf-fpga-oneapi/include/min_ibf_fpga/backend_sycl/kernel_minimizer.cpp","line":73},{"filename":"/opt/intel/oneapi/compiler/2023.1.0/linux/lib/oclfpga/include/sycl/ext/intel/ac_types/ac_int.hpp","line":2275},{"filename":"/opt/intel/oneapi/compiler/2023.1.0/linux/lib/oclfpga/include/sycl/ext/intel/ac_types/ac_int.hpp","line":1788},{"filename":"/opt/intel/oneapi/compiler/2023.1.0/linux/lib/oclfpga/include/sycl/ext/intel/ac_types/ac_int.hpp","line":925}]],"name":"handler.hpp:1166 > kernel_minimizer.cpp:73 > \nac_int.hpp:2275 > ac_int.hpp:1788 > \nac_int.hpp:925","replace_name":true,"type":"resource"},{"children":[{"count":1,"data":[1,1,0,0,0],"debug":[[{"filename":"/opt/intel/oneapi/compiler/2023.1.0/linux/bin-llvm/../include/sycl/handler.hpp","line":"1166"}]],"name":"1-bit Select","type":"resource"}],"data":[1,1,0,0,0],"debug":[[{"filename":"/opt/intel/oneapi/compiler/2023.1.0/linux/bin-llvm/../include/sycl/handler.hpp","line":1166},{"filename":"/home/bzbbaumt/Projects/min-ibf-fpga-oneapi/include/min_ibf_fpga/backend_sycl/kernel_minimizer.cpp","line":75}]],"name":"handler.hpp:1166 > kernel_minimizer.cpp:75","replace_name":true,"type":"resource"},{"children":[{"count":1,"data":[3,2,0,0,0],"debug":[[{"filename":"/opt/intel/oneapi/compiler/2023.1.0/linux/bin-llvm/../include/sycl/handler.hpp","line":"1166"}]],"name":"Pipe Write","type":"resource"}],"data":[3,2,0,0,0],"debug":[[{"filename":"/opt/intel/oneapi/compiler/2023.1.0/linux/bin-llvm/../include/sycl/handler.hpp","line":1166},{"filename":"/home/bzbbaumt/Projects/min-ibf-fpga-oneapi/include/min_ibf_fpga/backend_sycl/kernel_minimizer.cpp","line":84},{"filename":"/opt/intel/oneapi/compiler/2023.1.0/linux/bin-llvm/../include/sycl/ext/intel/pipes.hpp","line":82}]],"name":"handler.hpp:1166 > kernel_minimizer.cpp:84 > \npipes.hpp:82","replace_name":true,"type":"resource"}],"data":[1655.00037,1200.999663,26,0,0],"debug":[[{"filename":"/opt/intel/oneapi/compiler/2023.1.0/linux/bin-llvm/../include/sycl/handler.hpp","line":1166}]],"name":"/opt/intel/oneapi/compiler/2023.1.0/linux/bin-llvm/../include/sycl/handler.hpp:1166","type":"resource"}],"compute_units":1,"data":[5000.00037,6085.999663,26,0,37],"debug":[[{"filename":"kernel_minimizer.hpp","line":14}]],"details":[{"text":"Number of compute units: 1","type":"text"},{"text":"1 compute unit.","type":"brief"}],"name":"MinimizerKernel","total_kernel_resources":[5000,6086,26,0,37],"total_percent":[0.438335,0.30757,0.163055,0.221824,0],"type":"function"},{"children":[{"data":[1250,1776,0,0,8],"details":[{"text":"Feedback+Cluster logic","type":"brief"}],"name":"Data control overhead","type":"resource"},{"data":[1463,1467,0,0,6],"details":[{"text":"Kernel dispatch logic.","type":"text"},{"text":"Kernel dispatch logic.","type":"brief"}],"name":"Function overhead","type":"resource"},{"data":[16,102,0,0,0],"details":[{"text":"Type: Register","type":"text"},{"text":"1 register of width 25 bits","type":"text"},{"text":"1 register of width 26 bits","type":"text"},{"text":"Register,\n1 reg, 25 width,\n1 reg, 26 width","type":"brief"}],"name":"Coalesced Private Variables: \n - 'a' (ac_int.hpp:930)\n - 'res' (ac_int.hpp:773)","type":"resource"},{"data":[2156,6948,0,0,0],"details":[{"text":"Type: Register","type":"text"},{"details":[{"text":" Depth was increased by a factor of 2 due to a loop initiation interval of 2.","type":"text"}],"text":"4 registers of width 16 bits and depth 3","type":"text"},{"details":[{"text":" Depth was increased by a factor of 2 due to a loop initiation interval of 2.","type":"text"}],"text":"60 registers of width 16 bits and depth 4","type":"text"},{"text":"Register,\n4 regs, 16 width by 3 depth,\n60 regs, 16 width by 4 depth","type":"brief"}],"name":"Coalesced Private Variables: \n - 'counter' (kernel_ibf.cpp:76)\n - 'counters' (kernel_ibf.cpp:15)","type":"resource"},{"data":[42,205,0,0,0],"details":[{"text":"Type: Register","type":"text"},{"details":[{"text":" Depth was increased by a factor of 2 due to a loop initiation interval of 2.","type":"text"}],"text":"1 register of width 32 bits and depth 4","type":"text"},{"text":"Register,\n1 reg, 32 width by 4 depth","type":"brief"}],"name":"Private Variable: \n - 'numberOfHashes' (kernel_ibf.cpp:27)","type":"resource"},{"children":[{"count":3,"data":[2607,5317,10,0,5],"debug":[[{"filename":"","line":0}]],"name":"State","type":"resource"},{"count":1,"data":[26,0,0,0,0],"debug":[[{"filename":"","line":0}]],"name":"26-bit Select","type":"resource"},{"count":7,"data":[38,70,0,0,0],"debug":[[{"filename":"","line":0}]],"name":"llvm.fpga.fanout","type":"resource"}],"data":[2671,5387,10,0,5],"name":"No Source Line","type":"resource"},{"children":[{"children":[{"count":"1","data":[2,66,0,0,0],"debug":[[{"filename":"/opt/intel/oneapi/compiler/2023.1.0/linux/bin-llvm/../include/sycl/handler.hpp","line":"1164"}]],"name":"State","type":"resource"}],"data":[2,66,0,0,0],"debug":[[{"filename":"/opt/intel/oneapi/compiler/2023.1.0/linux/bin-llvm/../include/sycl/handler.hpp","line":1164},{"filename":"/opt/intel/oneapi/compiler/2023.1.0/linux/bin-llvm/../include/sycl/accessor.hpp","line":1099}]],"name":"handler.hpp:1164 > accessor.hpp:1099","replace_name":true,"type":"resource"}],"data":[2,66,0,0,0],"debug":[[{"filename":"/opt/intel/oneapi/compiler/2023.1.0/linux/bin-llvm/../include/sycl/handler.hpp","line":1164}]],"name":"/opt/intel/oneapi/compiler/2023.1.0/linux/bin-llvm/../include/sycl/handler.hpp:1164","type":"resource"},{"children":[{"children":[{"count":"1","data":[0,26,0,0,0],"debug":[[{"filename":"/opt/intel/oneapi/compiler/2023.1.0/linux/bin-llvm/../include/sycl/handler.hpp","line":"1166"}]],"name":"State","type":"resource"},{"count":1,"data":[28,1,0,0,0],"debug":[[{"filename":"/opt/intel/oneapi/compiler/2023.1.0/linux/bin-llvm/../include/sycl/handler.hpp","line":"1166"}]],"name":"25-bit Integer Compare","type":"resource"},{"count":1,"data":[24,0,0,0,0],"debug":[[{"filename":"/opt/intel/oneapi/compiler/2023.1.0/linux/bin-llvm/../include/sycl/handler.hpp","line":"1166"}]],"name":"25-bit Select","type":"resource"},{"count":1,"data":[1,0,0,0,0],"debug":[[{"filename":"/opt/intel/oneapi/compiler/2023.1.0/linux/bin-llvm/../include/sycl/handler.hpp","line":"1166"}]],"name":"1-bit And","type":"resource"},{"count":1,"data":[9,0,0,0,0],"debug":[[{"filename":"/opt/intel/oneapi/compiler/2023.1.0/linux/bin-llvm/../include/sycl/handler.hpp","line":"1166"}]],"name":"26-bit Integer Compare","type":"resource"}],"data":[62,27,0,0,0],"debug":[[{"filename":"/opt/intel/oneapi/compiler/2023.1.0/linux/bin-llvm/../include/sycl/handler.hpp","line":1166},{"filename":"/home/bzbbaumt/Projects/min-ibf-fpga-oneapi/include/min_ibf_fpga/backend_sycl/kernel_ibf.cpp","line":9}]],"name":"handler.hpp:1166 > kernel_ibf.cpp:9","replace_name":true,"type":"resource"},{"children":[{"count":"1","data":[0,2,0,0,0],"debug":[[{"filename":"/opt/intel/oneapi/compiler/2023.1.0/linux/bin-llvm/../include/sycl/handler.hpp","line":"1166"}]],"name":"State","type":"resource"},{"count":1,"data":[28,1,0,0,0],"debug":[[{"filename":"/opt/intel/oneapi/compiler/2023.1.0/linux/bin-llvm/../include/sycl/handler.hpp","line":"1166"}]],"name":"25-bit Integer Compare","type":"resource"},{"count":2,"data":[1.5,0,0,0,0],"debug":[[{"filename":"/opt/intel/oneapi/compiler/2023.1.0/linux/bin-llvm/../include/sycl/handler.hpp","line":"1166"}]],"name":"1-bit And","type":"resource"},{"count":1,"data":[0.5,0.5,0,0,0],"debug":[[{"filename":"/opt/intel/oneapi/compiler/2023.1.0/linux/bin-llvm/../include/sycl/handler.hpp","line":"1166"}]],"name":"1-bit Xor","type":"resource"},{"count":5,"data":[10,10,0,0,0],"debug":[[{"filename":"/opt/intel/oneapi/compiler/2023.1.0/linux/bin-llvm/../include/sycl/handler.hpp","line":"1166"}]],"name":"FFwd Destination","type":"resource"}],"data":[40,13.5,0,0,0],"debug":[[{"filename":"/opt/intel/oneapi/compiler/2023.1.0/linux/bin-llvm/../include/sycl/handler.hpp","line":1166},{"filename":"/home/bzbbaumt/Projects/min-ibf-fpga-oneapi/include/min_ibf_fpga/backend_sycl/kernel_ibf.cpp","line":9},{"filename":"/opt/intel/oneapi/compiler/2023.1.0/linux/lib/oclfpga/include/sycl/ext/intel/ac_types/ac_int.hpp","line":1780},{"filename":"/opt/intel/oneapi/compiler/2023.1.0/linux/lib/oclfpga/include/sycl/ext/intel/ac_types/ac_int.hpp","line":932}]],"name":"handler.hpp:1166 > kernel_ibf.cpp:9 > \nac_int.hpp:1780 > ac_int.hpp:932","replace_name":true,"type":"resource"},{"children":[{"count":1,"data":[1,0,0,0,0],"debug":[[{"filename":"/opt/intel/oneapi/compiler/2023.1.0/linux/bin-llvm/../include/sycl/handler.hpp","line":"1166"}]],"name":"Pipe Read","type":"resource"}],"data":[1,0,0,0,0],"debug":[[{"filename":"/opt/intel/oneapi/compiler/2023.1.0/linux/bin-llvm/../include/sycl/handler.hpp","line":1166},{"filename":"/home/bzbbaumt/Projects/min-ibf-fpga-oneapi/include/min_ibf_fpga/backend_sycl/kernel_ibf.cpp","line":36},{"filename":"/opt/intel/oneapi/compiler/2023.1.0/linux/bin-llvm/../include/sycl/ext/intel/pipes.hpp","line":67}]],"name":"handler.hpp:1166 > kernel_ibf.cpp:36 > \npipes.hpp:67","replace_name":true,"type":"resource"},{"children":[{"count":1,"data":[0.5,0,0,0,0],"debug":[[{"filename":"/opt/intel/oneapi/compiler/2023.1.0/linux/bin-llvm/../include/sycl/handler.hpp","line":"1166"}]],"name":"1-bit And","type":"resource"},{"count":1,"data":[0.5,0.5,0,0,0],"debug":[[{"filename":"/opt/intel/oneapi/compiler/2023.1.0/linux/bin-llvm/../include/sycl/handler.hpp","line":"1166"}]],"name":"1-bit Xor","type":"resource"}],"data":[1,0.5,0,0,0],"debug":[[{"filename":"/opt/intel/oneapi/compiler/2023.1.0/linux/bin-llvm/../include/sycl/handler.hpp","line":1166},{"filename":"/home/bzbbaumt/Projects/min-ibf-fpga-oneapi/include/min_ibf_fpga/backend_sycl/kernel_ibf.cpp","line":42}]],"name":"handler.hpp:1166 > kernel_ibf.cpp:42","replace_name":true,"type":"resource"},{"children":[{"count":1,"data":[64,0,0,0,0],"debug":[[{"filename":"/opt/intel/oneapi/compiler/2023.1.0/linux/bin-llvm/../include/sycl/handler.hpp","line":"1166"}]],"name":"64-bit Integer Subtract","type":"resource"}],"data":[64,0,0,0,0],"debug":[[{"filename":"/opt/intel/oneapi/compiler/2023.1.0/linux/bin-llvm/../include/sycl/handler.hpp","line":1166},{"filename":"/home/bzbbaumt/Projects/min-ibf-fpga-oneapi/include/min_ibf_fpga/backend_sycl/kernel_ibf.cpp","line":45},{"filename":"/opt/intel/oneapi/compiler/2023.1.0/linux/lib/oclfpga/include/sycl/ext/intel/ac_types/ac_int.hpp","line":1521},{"filename":"/opt/intel/oneapi/compiler/2023.1.0/linux/lib/oclfpga/include/sycl/ext/intel/ac_types/ac_int.hpp","line":746}]],"name":"handler.hpp:1166 > kernel_ibf.cpp:45 > \nac_int.hpp:1521 > ac_int.hpp:746","replace_name":true,"type":"resource"},{"children":[{"count":1,"data":[64,0,0,0,0],"debug":[[{"filename":"/opt/intel/oneapi/compiler/2023.1.0/linux/bin-llvm/../include/sycl/handler.hpp","line":"1166"}]],"name":"64-bit Integer Subtract","type":"resource"},{"count":1,"data":[64,64,0,0,0],"debug":[[{"filename":"/opt/intel/oneapi/compiler/2023.1.0/linux/bin-llvm/../include/sycl/handler.hpp","line":"1166"}]],"name":"64-bit Select","type":"resource"}],"data":[128,64,0,0,0],"debug":[[{"filename":"/opt/intel/oneapi/compiler/2023.1.0/linux/bin-llvm/../include/sycl/handler.hpp","line":1166},{"filename":"/home/bzbbaumt/Projects/min-ibf-fpga-oneapi/include/min_ibf_fpga/backend_sycl/kernel_ibf.cpp","line":47},{"filename":"/opt/intel/oneapi/compiler/2023.1.0/linux/lib/oclfpga/include/sycl/ext/intel/ac_types/ac_int.hpp","line":1521},{"filename":"/opt/intel/oneapi/compiler/2023.1.0/linux/lib/oclfpga/include/sycl/ext/intel/ac_types/ac_int.hpp","line":746}]],"name":"handler.hpp:1166 > kernel_ibf.cpp:47 > \nac_int.hpp:1521 > ac_int.hpp:746","replace_name":true,"type":"resource"},{"children":[{"count":1,"data":[68,1,0,0,0],"debug":[[{"filename":"/opt/intel/oneapi/compiler/2023.1.0/linux/bin-llvm/../include/sycl/handler.hpp","line":"1166"}]],"name":"65-bit Integer Compare","type":"resource"}],"data":[68,1,0,0,0],"debug":[[{"filename":"/opt/intel/oneapi/compiler/2023.1.0/linux/bin-llvm/../include/sycl/handler.hpp","line":1166},{"filename":"/home/bzbbaumt/Projects/min-ibf-fpga-oneapi/include/min_ibf_fpga/backend_sycl/kernel_ibf.cpp","line":47},{"filename":"/opt/intel/oneapi/compiler/2023.1.0/linux/lib/oclfpga/include/sycl/ext/intel/ac_types/ac_int.hpp","line":1780},{"filename":"/opt/intel/oneapi/compiler/2023.1.0/linux/lib/oclfpga/include/sycl/ext/intel/ac_types/ac_int.hpp","line":932}]],"name":"handler.hpp:1166 > kernel_ibf.cpp:47 > \nac_int.hpp:1780 > ac_int.hpp:932","replace_name":true,"type":"resource"},{"children":[{"count":1,"data":[61,0,0,0,0],"debug":[[{"filename":"/opt/intel/oneapi/compiler/2023.1.0/linux/bin-llvm/../include/sycl/handler.hpp","line":"1166"}]],"name":"64-bit Select","type":"resource"}],"data":[61,0,0,0,0],"debug":[[{"filename":"/opt/intel/oneapi/compiler/2023.1.0/linux/bin-llvm/../include/sycl/handler.hpp","line":1166},{"filename":"/home/bzbbaumt/Projects/min-ibf-fpga-oneapi/include/min_ibf_fpga/backend_sycl/kernel_ibf.cpp","line":48}]],"name":"handler.hpp:1166 > kernel_ibf.cpp:48","replace_name":true,"type":"resource"},{"children":[{"count":1,"data":[67,1,0,0,0],"debug":[[{"filename":"/opt/intel/oneapi/compiler/2023.1.0/linux/bin-llvm/../include/sycl/handler.hpp","line":"1166"}]],"name":"64-bit Integer Compare","type":"resource"}],"data":[67,1,0,0,0],"debug":[[{"filename":"/opt/intel/oneapi/compiler/2023.1.0/linux/bin-llvm/../include/sycl/handler.hpp","line":1166},{"filename":"/home/bzbbaumt/Projects/min-ibf-fpga-oneapi/include/min_ibf_fpga/backend_sycl/kernel_ibf.cpp","line":48},{"filename":"/opt/intel/oneapi/compiler/2023.1.0/linux/lib/oclfpga/include/sycl/ext/intel/ac_types/ac_int.hpp","line":1780},{"filename":"/opt/intel/oneapi/compiler/2023.1.0/linux/lib/oclfpga/include/sycl/ext/intel/ac_types/ac_int.hpp","line":932}]],"name":"handler.hpp:1166 > kernel_ibf.cpp:48 > \nac_int.hpp:1780 > ac_int.hpp:932","replace_name":true,"type":"resource"},{"children":[{"count":1,"data":[1,1,0,0,0],"debug":[[{"filename":"/opt/intel/oneapi/compiler/2023.1.0/linux/bin-llvm/../include/sycl/handler.hpp","line":"1166"}]],"name":"1-bit Or","type":"resource"},{"count":1,"data":[488,2050,29,0,4],"debug":[[{"filename":"/opt/intel/oneapi/compiler/2023.1.0/linux/bin-llvm/../include/sycl/handler.hpp","line":"1166"}]],"name":"Load","type":"resource"}],"data":[489,2051,29,0,4],"debug":[[{"filename":"/opt/intel/oneapi/compiler/2023.1.0/linux/bin-llvm/../include/sycl/handler.hpp","line":1166},{"filename":"/home/bzbbaumt/Projects/min-ibf-fpga-oneapi/include/min_ibf_fpga/backend_sycl/kernel_ibf.cpp","line":50},{"filename":"/opt/intel/oneapi/compiler/2023.1.0/linux/lib/oclfpga/include/sycl/ext/intel/ac_types/ac_int.hpp","line":2275},{"filename":"/opt/intel/oneapi/compiler/2023.1.0/linux/lib/oclfpga/include/sycl/ext/intel/ac_types/ac_int.hpp","line":1514},{"filename":"/opt/intel/oneapi/compiler/2023.1.0/linux/lib/oclfpga/include/sycl/ext/intel/ac_types/ac_int.hpp","line":738}]],"name":"handler.hpp:1166 > kernel_ibf.cpp:50 > \nac_int.hpp:2275 > ac_int.hpp:1514 > \nac_int.hpp:738","replace_name":true,"type":"resource"},{"children":[{"count":2,"data":[844,2762,0,11,0],"debug":[[{"filename":"/opt/intel/oneapi/compiler/2023.1.0/linux/bin-llvm/../include/sycl/handler.hpp","line":"1166"}]],"name":"64-bit Integer Multiply","type":"resource"}],"data":[844,2762,0,11,0],"debug":[[{"filename":"/opt/intel/oneapi/compiler/2023.1.0/linux/bin-llvm/../include/sycl/handler.hpp","line":1166},{"filename":"/home/bzbbaumt/Projects/min-ibf-fpga-oneapi/include/min_ibf_fpga/backend_sycl/kernel_ibf.cpp","line":57},{"filename":"/home/bzbbaumt/Projects/min-ibf-fpga-oneapi/include/min_ibf_fpga/backend_sycl/kernel_ibf.hpp","line":14}]],"name":"handler.hpp:1166 > kernel_ibf.cpp:57 > \nkernel_ibf.hpp:14","replace_name":true,"type":"resource"},{"children":[{"count":2,"data":[128,128,0,0,0],"debug":[[{"filename":"/opt/intel/oneapi/compiler/2023.1.0/linux/bin-llvm/../include/sycl/handler.hpp","line":"1166"}]],"name":"64-bit Xor","type":"resource"}],"data":[128,128,0,0,0],"debug":[[{"filename":"/opt/intel/oneapi/compiler/2023.1.0/linux/bin-llvm/../include/sycl/handler.hpp","line":1166},{"filename":"/home/bzbbaumt/Projects/min-ibf-fpga-oneapi/include/min_ibf_fpga/backend_sycl/kernel_ibf.cpp","line":57},{"filename":"/home/bzbbaumt/Projects/min-ibf-fpga-oneapi/include/min_ibf_fpga/backend_sycl/kernel_ibf.hpp","line":15}]],"name":"handler.hpp:1166 > kernel_ibf.cpp:57 > \nkernel_ibf.hpp:15","replace_name":true,"type":"resource"},{"children":[{"count":1,"data":[9,1,0,0,0],"debug":[[{"filename":"/opt/intel/oneapi/compiler/2023.1.0/linux/bin-llvm/../include/sycl/handler.hpp","line":"1166"}]],"name":"64-bit Integer Compare","type":"resource"},{"count":2,"data":[128,0,0,0,0],"debug":[[{"filename":"/opt/intel/oneapi/compiler/2023.1.0/linux/bin-llvm/../include/sycl/handler.hpp","line":"1166"}]],"name":"64-bit Select","type":"resource"}],"data":[137,1,0,0,0],"debug":[[{"filename":"/opt/intel/oneapi/compiler/2023.1.0/linux/bin-llvm/../include/sycl/handler.hpp","line":1166},{"filename":"/home/bzbbaumt/Projects/min-ibf-fpga-oneapi/include/min_ibf_fpga/backend_sycl/kernel_ibf.cpp","line":57},{"filename":"/home/bzbbaumt/Projects/min-ibf-fpga-oneapi/include/min_ibf_fpga/backend_sycl/kernel_ibf.hpp","line":15},{"filename":"/opt/intel/oneapi/compiler/2023.1.0/linux/lib/oclfpga/include/sycl/ext/intel/ac_types/ac_int.hpp","line":2278},{"filename":"/opt/intel/oneapi/compiler/2023.1.0/linux/lib/oclfpga/include/sycl/ext/intel/ac_types/ac_int.hpp","line":1739},{"filename":"/opt/intel/oneapi/compiler/2023.1.0/linux/lib/oclfpga/include/sycl/ext/intel/ac_types/ac_int.hpp","line":849}]],"name":"handler.hpp:1166 > kernel_ibf.cpp:57 > \nkernel_ibf.hpp:15 > ac_int.hpp:2278 > \nac_int.hpp:1739 > ac_int.hpp:849","replace_name":true,"type":"resource"},{"children":[{"count":2,"data":[1574,4972,0,16,0],"debug":[[{"filename":"/opt/intel/oneapi/compiler/2023.1.0/linux/bin-llvm/../include/sycl/handler.hpp","line":"1166"}]],"name":"64-bit Integer Multiply","type":"resource"}],"data":[1574,4972,0,16,0],"debug":[[{"filename":"/opt/intel/oneapi/compiler/2023.1.0/linux/bin-llvm/../include/sycl/handler.hpp","line":1166},{"filename":"/home/bzbbaumt/Projects/min-ibf-fpga-oneapi/include/min_ibf_fpga/backend_sycl/kernel_ibf.cpp","line":57},{"filename":"/home/bzbbaumt/Projects/min-ibf-fpga-oneapi/include/min_ibf_fpga/backend_sycl/kernel_ibf.hpp","line":16}]],"name":"handler.hpp:1166 > kernel_ibf.cpp:57 > \nkernel_ibf.hpp:16","replace_name":true,"type":"resource"},{"children":[{"count":2,"data":[1574,4966,0,16,0],"debug":[[{"filename":"/opt/intel/oneapi/compiler/2023.1.0/linux/bin-llvm/../include/sycl/handler.hpp","line":"1166"}]],"name":"Integer Multiply: unsigned 64-bit x unsigned 64-bit -> 128-bit ","type":"resource"}],"data":[1574,4966,0,16,0],"debug":[[{"filename":"/opt/intel/oneapi/compiler/2023.1.0/linux/bin-llvm/../include/sycl/handler.hpp","line":1166},{"filename":"/home/bzbbaumt/Projects/min-ibf-fpga-oneapi/include/min_ibf_fpga/backend_sycl/kernel_ibf.cpp","line":57},{"filename":"/home/bzbbaumt/Projects/min-ibf-fpga-oneapi/include/min_ibf_fpga/backend_sycl/kernel_ibf.hpp","line":18},{"filename":"/home/bzbbaumt/Projects/min-ibf-fpga-oneapi/include/min_ibf_fpga/backend_sycl/kernel_ibf.hpp","line":8},{"filename":"/opt/intel/oneapi/compiler/2023.1.0/linux/lib/oclfpga/include/sycl/ext/intel/ac_types/ac_int.hpp","line":1507},{"filename":"/opt/intel/oneapi/compiler/2023.1.0/linux/lib/oclfpga/include/sycl/ext/intel/ac_types/ac_int.hpp","line":732}]],"name":"handler.hpp:1166 > kernel_ibf.cpp:57 > \nkernel_ibf.hpp:18 > kernel_ibf.hpp:8 > \nac_int.hpp:1507 > ac_int.hpp:732","replace_name":true,"type":"resource"},{"children":[{"count":1,"data":[64,0,0,0,0],"debug":[[{"filename":"/opt/intel/oneapi/compiler/2023.1.0/linux/bin-llvm/../include/sycl/handler.hpp","line":"1166"}]],"name":"64-bit And","type":"resource"},{"count":2,"data":[976,4100,58,0,8],"debug":[[{"filename":"/opt/intel/oneapi/compiler/2023.1.0/linux/bin-llvm/../include/sycl/handler.hpp","line":"1166"}]],"name":"Load","type":"resource"}],"data":[1040,4100,58,0,8],"debug":[[{"filename":"/opt/intel/oneapi/compiler/2023.1.0/linux/bin-llvm/../include/sycl/handler.hpp","line":1166},{"filename":"/home/bzbbaumt/Projects/min-ibf-fpga-oneapi/include/min_ibf_fpga/backend_sycl/kernel_ibf.cpp","line":68},{"filename":"/opt/intel/oneapi/compiler/2023.1.0/linux/lib/oclfpga/include/sycl/ext/intel/ac_types/ac_int.hpp","line":1699},{"filename":"/opt/intel/oneapi/compiler/2023.1.0/linux/lib/oclfpga/include/sycl/ext/intel/ac_types/ac_int.hpp","line":902}]],"name":"handler.hpp:1166 > kernel_ibf.cpp:68 > \nac_int.hpp:1699 > ac_int.hpp:902","replace_name":true,"type":"resource"},{"children":[{"count":64,"data":[1024,0,0,0,0],"debug":[[{"filename":"/opt/intel/oneapi/compiler/2023.1.0/linux/bin-llvm/../include/sycl/handler.hpp","line":"1166"}]],"name":"16-bit Select","type":"resource"}],"data":[1024,0,0,0,0],"debug":[[{"filename":"/opt/intel/oneapi/compiler/2023.1.0/linux/bin-llvm/../include/sycl/handler.hpp","line":1166},{"filename":"/home/bzbbaumt/Projects/min-ibf-fpga-oneapi/include/min_ibf_fpga/backend_sycl/kernel_ibf.cpp","line":78}]],"name":"handler.hpp:1166 > kernel_ibf.cpp:78","replace_name":true,"type":"resource"},{"children":[{"count":64,"data":[1216,64,0,0,0],"debug":[[{"filename":"/opt/intel/oneapi/compiler/2023.1.0/linux/bin-llvm/../include/sycl/handler.hpp","line":"1166"}]],"name":"16-bit Integer Compare","type":"resource"}],"data":[1216,64,0,0,0],"debug":[[{"filename":"/opt/intel/oneapi/compiler/2023.1.0/linux/bin-llvm/../include/sycl/handler.hpp","line":1166},{"filename":"/home/bzbbaumt/Projects/min-ibf-fpga-oneapi/include/min_ibf_fpga/backend_sycl/kernel_ibf.cpp","line":83}]],"name":"handler.hpp:1166 > kernel_ibf.cpp:83","replace_name":true,"type":"resource"},{"children":[{"count":5,"data":[9,0,0,0,0],"debug":[[{"filename":"/opt/intel/oneapi/compiler/2023.1.0/linux/bin-llvm/../include/sycl/handler.hpp","line":"1166"}]],"name":"64-bit Or","type":"resource"},{"count":63,"data":[63,0,0,0,0],"debug":[[{"filename":"/opt/intel/oneapi/compiler/2023.1.0/linux/bin-llvm/../include/sycl/handler.hpp","line":"1166"}]],"name":"64-bit Select","type":"resource"},{"count":58,"data":[187,0,0,0,0],"debug":[[{"filename":"/opt/intel/oneapi/compiler/2023.1.0/linux/bin-llvm/../include/sycl/handler.hpp","line":"1166"}]],"name":"64-bit Xor","type":"resource"}],"data":[259,0,0,0,0],"debug":[[{"filename":"/opt/intel/oneapi/compiler/2023.1.0/linux/bin-llvm/../include/sycl/handler.hpp","line":1166},{"filename":"/home/bzbbaumt/Projects/min-ibf-fpga-oneapi/include/min_ibf_fpga/backend_sycl/kernel_ibf.cpp","line":83},{"filename":"/opt/intel/oneapi/compiler/2023.1.0/linux/lib/oclfpga/include/sycl/ext/intel/ac_types/ac_int.hpp","line":1901}]],"name":"handler.hpp:1166 > kernel_ibf.cpp:83 > \nac_int.hpp:1901","replace_name":true,"type":"resource"},{"children":[{"count":1,"data":[366,2172,17,0,0],"debug":[[{"filename":"/opt/intel/oneapi/compiler/2023.1.0/linux/bin-llvm/../include/sycl/handler.hpp","line":"1166"}]],"name":"Store","type":"resource"}],"data":[366,2172,17,0,0],"debug":[[{"filename":"/opt/intel/oneapi/compiler/2023.1.0/linux/bin-llvm/../include/sycl/handler.hpp","line":1166},{"filename":"/home/bzbbaumt/Projects/min-ibf-fpga-oneapi/include/min_ibf_fpga/backend_sycl/kernel_ibf.cpp","line":90}]],"name":"handler.hpp:1166 > kernel_ibf.cpp:90","replace_name":true,"type":"resource"},{"children":[{"count":1,"data":[14,12,0,0,0],"debug":[[{"filename":"/opt/intel/oneapi/compiler/2023.1.0/linux/bin-llvm/../include/sycl/handler.hpp","line":"1166"}]],"name":"Iteration Initiation","type":"resource"}],"data":[14,12,0,0,0],"debug":[[{"filename":"/opt/intel/oneapi/compiler/2023.1.0/linux/bin-llvm/../include/sycl/handler.hpp","line":1166},{"filename":"/home/bzbbaumt/Projects/min-ibf-fpga-oneapi/include/min_ibf_fpga/backend_sycl/kernel_ibf.cpp","line":94}]],"name":"handler.hpp:1166 > kernel_ibf.cpp:94","replace_name":true,"type":"resource"}],"data":[9157,21335,104,43,12],"debug":[[{"filename":"/opt/intel/oneapi/compiler/2023.1.0/linux/bin-llvm/../include/sycl/handler.hpp","line":1166}]],"name":"/opt/intel/oneapi/compiler/2023.1.0/linux/bin-llvm/../include/sycl/handler.hpp:1166","type":"resource"}],"compute_units":1,"data":[16757,37286,114,43,31],"debug":[[{"filename":"kernel_ibf.cpp","line":15}]],"details":[{"text":"Number of compute units: 1","type":"text"},{"text":"1 compute unit.","type":"brief"}],"name":"IbfKernel","total_kernel_resources":[16757,37286,114,43,31],"total_percent":[1.88286,0.931124,0.99896,0.972613,0.746528],"type":"function"}],"columns":["","ALUTs","FFs","RAMs","DSPs","MLABs","Details"],"data":[41662.00037,67832.999663,246,43,75],"debug_enabled":"true","max_resources":[1866240,3732480,11721,5760,93312],"name":"Kernel System","total":[635942,1250476,3983,1822,75],"total_percent":[65.6126,34.1565,33.5026,33.9817,31.6319],"type":"module"}