{
  "bottlenecks":
  [
    {
      "name":"'res,a'"
      , "id":1108
      , "src":"588"
      , "dst":"602"
      , "type":"fMAX/II"
      , "brief":"Data dependency"
      , "loop":"MinimizerKernel.B1"
      , "details":
      [
        {
          "type":"table"
          , "Variable on critical loop carried feedback path: ":"'res,a'"
          , "Declared at: ":
          [
            {
              "type":"text"
              , "text":"%L"
              , "links":
              [
                {
                  "filename":"/opt/intel/oneapi/compiler/2023.1.0/linux/lib/oclfpga/include/sycl/ext/intel/ac_types/ac_int.hpp"
                  , "line":"773"
                }
              ]
            }
          ]
          , "Dependency: ":"Data dependency"
          , "Estimated fmax reduced to: ":"480.0"
          , "Loop feedback path that raised II and/or lowered fMAX: ":
          [
            {
              "type":"text"
              , "text":"+(%L)"
              , "links":
              [
                {
                  "filename":"/home/bzbbaumt/Projects/min-ibf-fpga-oneapi/include/min_ibf_fpga/backend_sycl/kernel_minimizer.cpp"
                  , "line":"15"
                }
              ]
            }
            , {
              "type":"text"
              , "text":"Select(%L)"
              , "links":
              [
                {
                  "filename":"/home/bzbbaumt/Projects/min-ibf-fpga-oneapi/include/min_ibf_fpga/backend_sycl/kernel_minimizer.cpp"
                  , "line":"19"
                }
              ]
            }
            , {
              "type":"text"
              , "text":"+(%L)"
              , "links":
              [
                {
                  "filename":"/opt/intel/oneapi/compiler/2023.1.0/linux/lib/oclfpga/include/sycl/ext/intel/ac_types/ac_int.hpp"
                  , "line":"739"
                }
              ]
            }
            , {
              "type":"text"
              , "text":"Select(%L)"
              , "links":
              [
                {
                  "filename":"/opt/intel/oneapi/compiler/2023.1.0/linux/lib/oclfpga/include/sycl/ext/intel/ac_types/ac_int.hpp"
                  , "line":"773"
                }
              ]
            }
          ]
        }
      ]
      , "nodes":
      [
        {
          "name":"'res,a'"
          , "id":588
          , "start":"4.00"
          , "parent":"_ZTSN12min_ibf_fpga12backend_sycl15MinimizerKernelE.B1"
          , "type":"inst"
        }
        , {
          "name":"Select"
          , "id":589
          , "debug":
          [
            [
              {
                "filename":"/opt/intel/oneapi/compiler/2023.1.0/linux/lib/oclfpga/include/sycl/ext/intel/ac_types/ac_int.hpp"
                , "line":773
              }
            ]
          ]
          , "type":"inst"
        }
        , {
          "name":"+"
          , "id":601
          , "debug":
          [
            [
              {
                "filename":"/home/bzbbaumt/Projects/min-ibf-fpga-oneapi/include/min_ibf_fpga/backend_sycl/kernel_minimizer.cpp"
                , "line":15
              }
            ]
          ]
          , "type":"inst"
        }
        , {
          "name":"Select"
          , "id":610
          , "debug":
          [
            [
              {
                "filename":"/home/bzbbaumt/Projects/min-ibf-fpga-oneapi/include/min_ibf_fpga/backend_sycl/kernel_minimizer.cpp"
                , "line":19
              }
            ]
          ]
          , "type":"inst"
        }
        , {
          "name":"+"
          , "id":611
          , "debug":
          [
            [
              {
                "filename":"/opt/intel/oneapi/compiler/2023.1.0/linux/lib/oclfpga/include/sycl/ext/intel/ac_types/ac_int.hpp"
                , "line":739
              }
            ]
          ]
          , "type":"inst"
        }
        , {
          "name":"Feedback"
          , "id":602
          , "end":"4.00"
          , "parent":"_ZTSN12min_ibf_fpga12backend_sycl15MinimizerKernelE.B1"
          , "debug":
          [
            [
              {
                "filename":"/home/bzbbaumt/Projects/min-ibf-fpga-oneapi/include/min_ibf_fpga/backend_sycl/kernel_minimizer.cpp"
                , "line":15
              }
            ]
          ]
          , "type":"inst"
        }
      ]
      , "links":
      [
        {
          "from":588
          , "to":589
        }
        , {
          "from":589
          , "to":601
        }
        , {
          "from":610
          , "to":611
        }
        , {
          "from":601
          , "to":602
        }
        , {
          "from":588
          , "to":602
          , "reverse":1
        }
      ]
    }
    , {
      "name":"'a,a,a,a,res,a'"
      , "id":1109
      , "src":"640"
      , "dst":"662"
      , "type":"fMAX/II"
      , "brief":"Data dependency"
      , "loop":"MinimizerKernel.B2"
      , "details":
      [
        {
          "type":"table"
          , "Variable on critical loop carried feedback path: ":"'a,a,a,a,res,a'"
          , "Declared at: ":
          [
            {
              "type":"text"
              , "text":"%L"
              , "links":
              [
                {
                  "filename":"/opt/intel/oneapi/compiler/2023.1.0/linux/lib/oclfpga/include/sycl/ext/intel/ac_types/ac_int.hpp"
                  , "line":"930"
                }
              ]
            }
          ]
          , "Dependency: ":"Data dependency"
          , "Estimated fmax reduced to: ":"480.0"
          , "Loop feedback path that raised II and/or lowered fMAX: ":
          [
            {
              "type":"text"
              , "text":"+(%L)"
              , "links":
              [
                {
                  "filename":"/opt/intel/oneapi/compiler/2023.1.0/linux/lib/oclfpga/include/sycl/ext/intel/ac_types/ac_int.hpp"
                  , "line":"773"
                }
              ]
            }
          ]
        }
      ]
      , "nodes":
      [
        {
          "name":"'a,a,a,a,res,a'"
          , "id":640
          , "start":"4.00"
          , "parent":"_ZTSN12min_ibf_fpga12backend_sycl15MinimizerKernelE.B2"
          , "type":"inst"
        }
        , {
          "name":"+"
          , "id":653
          , "debug":
          [
            [
              {
                "filename":"/opt/intel/oneapi/compiler/2023.1.0/linux/lib/oclfpga/include/sycl/ext/intel/ac_types/ac_int.hpp"
                , "line":773
              }
            ]
          ]
          , "type":"inst"
        }
        , {
          "name":"Feedback"
          , "id":662
          , "end":"5.00"
          , "parent":"_ZTSN12min_ibf_fpga12backend_sycl15MinimizerKernelE.B2"
          , "debug":
          [
            [
              {
                "filename":"/opt/intel/oneapi/compiler/2023.1.0/linux/lib/oclfpga/include/sycl/ext/intel/ac_types/ac_int.hpp"
                , "line":773
              }
            ]
          ]
          , "type":"inst"
        }
      ]
      , "links":
      [
        {
          "from":640
          , "to":653
        }
        , {
          "from":653
          , "to":662
        }
        , {
          "from":640
          , "to":662
          , "reverse":1
        }
      ]
    }
    , {
      "name":"Global variable"
      , "id":1110
      , "src":"811"
      , "dst":"823"
      , "type":"fMAX/II"
      , "brief":"Data dependency"
      , "loop":"IbfKernel.B1"
      , "details":
      [
        {
          "type":"table"
          , "Variable on critical loop carried feedback path: ":"Global variable"
          , "Declared at: ":
          [
            {
              "type":"text"
              , "text":"%L"
              , "links":
              [
                {
                  "filename":"Unknown location"
                  , "line":"0"
                }
              ]
            }
          ]
          , "Dependency: ":"Data dependency"
          , "Estimated fmax reduced to: ":"480.0"
          , "Loop feedback path that raised II and/or lowered fMAX: ":
          [
            {
              "type":"text"
              , "text":"+(%L)"
              , "links":
              [
                {
                  "filename":"/home/bzbbaumt/Projects/min-ibf-fpga-oneapi/include/min_ibf_fpga/backend_sycl/kernel_ibf.cpp"
                  , "line":"9"
                }
              ]
            }
            , {
              "type":"text"
              , "text":"Select(%L)"
              , "links":
              [
                {
                  "filename":"/opt/intel/oneapi/compiler/2023.1.0/linux/lib/oclfpga/include/sycl/ext/intel/ac_types/ac_int.hpp"
                  , "line":"930"
                }
              ]
            }
          ]
        }
      ]
      , "nodes":
      [
        {
          "name":"Global variable"
          , "id":811
          , "start":"4.00"
          , "parent":"_ZTSN12min_ibf_fpga12backend_sycl9IbfKernelE.B1"
          , "type":"inst"
        }
        , {
          "name":"Select"
          , "id":812
          , "debug":
          [
            [
              {
                "filename":"/opt/intel/oneapi/compiler/2023.1.0/linux/lib/oclfpga/include/sycl/ext/intel/ac_types/ac_int.hpp"
                , "line":930
              }
            ]
          ]
          , "type":"inst"
        }
        , {
          "name":"+"
          , "id":822
          , "debug":
          [
            [
              {
                "filename":"/home/bzbbaumt/Projects/min-ibf-fpga-oneapi/include/min_ibf_fpga/backend_sycl/kernel_ibf.cpp"
                , "line":9
              }
            ]
          ]
          , "type":"inst"
        }
        , {
          "name":"Feedback"
          , "id":823
          , "end":"4.00"
          , "parent":"_ZTSN12min_ibf_fpga12backend_sycl9IbfKernelE.B1"
          , "debug":
          [
            [
              {
                "filename":"/home/bzbbaumt/Projects/min-ibf-fpga-oneapi/include/min_ibf_fpga/backend_sycl/kernel_ibf.cpp"
                , "line":9
              }
            ]
          ]
          , "type":"inst"
        }
      ]
      , "links":
      [
        {
          "from":811
          , "to":812
        }
        , {
          "from":812
          , "to":822
        }
        , {
          "from":822
          , "to":823
        }
        , {
          "from":811
          , "to":823
          , "reverse":1
        }
      ]
    }
    , {
      "name":"Unknown variable"
      , "id":1111
      , "type":"fMAX/II"
      , "brief":"N/A"
      , "loop":"IbfKernel.B2"
      , "details":
      [
        {
          "type":"table"
          , "Loop: ":"_ZTSN12min_ibf_fpga12backend_sycl9IbfKernelE.B2"
          , "Declared at: ":
          [
            {
              "type":"text"
              , "text":"%L"
              , "links":
              [
                {
                  "filename":"/home/bzbbaumt/Projects/min-ibf-fpga-oneapi/include/min_ibf_fpga/backend_sycl/kernel_ibf.cpp"
                  , "line":"34"
                }
              ]
            }
          ]
          , "Dependency: ":"N/A"
          , "Estimated fmax reduced to: ":"480.0"
          , "Loop feedback path that raised II and/or lowered fMAX: ":
          [
            {
              "type":"text"
              , "text":"And(%L)"
              , "links":
              [
                {
                  "filename":"/home/bzbbaumt/Projects/min-ibf-fpga-oneapi/include/min_ibf_fpga/backend_sycl/kernel_ibf.cpp"
                  , "line":"42"
                }
              ]
            }
            , {
              "type":"text"
              , "text":"Compare(%L)"
              , "links":
              [
                {
                  "filename":"/home/bzbbaumt/Projects/min-ibf-fpga-oneapi/include/min_ibf_fpga/backend_sycl/kernel_ibf.cpp"
                  , "line":"42"
                }
              ]
            }
            , {
              "type":"text"
              , "text":"RD(%L)"
              , "links":
              [
                {
                  "filename":"/opt/intel/oneapi/compiler/2023.1.0/linux/bin-llvm/../include/sycl/ext/intel/pipes.hpp"
                  , "line":"67"
                }
              ]
            }
          ]
        }
      ]
      , "nodes":
      [
        {
          "name":"FFwd Dest"
          , "id":74
          , "debug":
          [
            [
              {
                "filename":"/opt/intel/oneapi/compiler/2023.1.0/linux/lib/oclfpga/include/sycl/ext/intel/ac_types/ac_int.hpp"
                , "line":932
              }
            ]
          ]
          , "type":"inst"
        }
        , {
          "name":"RD"
          , "id":149
          , "debug":
          [
            [
              {
                "filename":"/opt/intel/oneapi/compiler/2023.1.0/linux/bin-llvm/../include/sycl/ext/intel/pipes.hpp"
                , "line":67
              }
            ]
          ]
          , "type":"inst"
        }
        , {
          "name":"And"
          , "id":220
          , "debug":
          [
            [
              {
                "filename":"/home/bzbbaumt/Projects/min-ibf-fpga-oneapi/include/min_ibf_fpga/backend_sycl/kernel_ibf.cpp"
                , "line":42
              }
            ]
          ]
          , "type":"inst"
        }
        , {
          "name":"Compare"
          , "id":223
          , "debug":
          [
            [
              {
                "filename":"/home/bzbbaumt/Projects/min-ibf-fpga-oneapi/include/min_ibf_fpga/backend_sycl/kernel_ibf.cpp"
                , "line":42
              }
            ]
          ]
          , "type":"inst"
        }
        , {
          "name":"And"
          , "id":228
          , "debug":
          [
            [
              {
                "filename":"/opt/intel/oneapi/compiler/2023.1.0/linux/lib/oclfpga/include/sycl/ext/intel/ac_types/ac_int.hpp"
                , "line":932
              }
            ]
          ]
          , "type":"inst"
        }
      ]
      , "links":
      [
        {
          "from":74
          , "to":149
        }
        , {
          "from":149
          , "to":220
        }
        , {
          "from":220
          , "to":223
        }
        , {
          "from":223
          , "to":228
        }
      ]
    }
  ]
}
