{
  "name":"loop_attributes"
  , "id":1040
  , "nodes":
  [
    {
      "name":"IbfKernel"
      , "id":2
      , "clk":"No"
      , "fmax":"480.00"
      , "type":"kernel"
      , "children":
      [
        {
          "name":"IbfKernel.B0"
          , "id":8
          , "af":"480.00"
          , "br":"0"
          , "ci":"0"
          , "fo":"Disabled"
          , "ii":"1"
          , "ll":"1"
          , "lt":"4.000000"
          , "mi":"n/a"
          , "pl":"Yes"
          , "tc":"0"
          , "tn":"1"
          , "type":"bb"
        }
        , {
          "name":"IbfKernel.B1"
          , "id":9
          , "af":"480.00"
          , "br":"0"
          , "ci":"0"
          , "fo":"Enabled"
          , "ii":"1"
          , "ll":"1"
          , "lt":"9.000000"
          , "mi":"1"
          , "pl":"Yes"
          , "tc":"0"
          , "tn":"1"
          , "details":
          [
            {
              "type":"text"
              , "text":"Hyper-Optimized loop structure: enabled."
            }
          ]
          , "debug":
          [
            [
              {
                "filename":"/home/bzbbaumt/Projects/min-ibf-fpga-oneapi/include/min_ibf_fpga/backend_sycl/kernel_ibf.cpp"
                , "line":9
              }
            ]
          ]
          , "type":"loop"
          , "children":
          [
            {
              "name":"IbfKernel.B2"
              , "id":10
              , "af":"480.00"
              , "br":"1"
              , "ci":"0"
              , "fo":"Disabled"
              , "ii":"2"
              , "ll":"2"
              , "lt":"880.000000"
              , "mi":"1"
              , "pl":"Yes"
              , "tc":"0"
              , "tn":"0"
              , "details":
              [
                {
                  "type":"text"
                  , "text":"Hyper-Optimized loop structure: disabled."
                }
              ]
              , "debug":
              [
                [
                  {
                    "filename":"/home/bzbbaumt/Projects/min-ibf-fpga-oneapi/include/min_ibf_fpga/backend_sycl/kernel_ibf.cpp"
                    , "line":34
                  }
                ]
              ]
              , "type":"loop"
            }
          ]
        }
        , {
          "name":"IbfKernel.B3"
          , "id":11
          , "af":"480.00"
          , "br":"1"
          , "ci":"0"
          , "fo":"Disabled"
          , "ii":"1"
          , "ll":"1"
          , "lt":"0.000000"
          , "mi":"n/a"
          , "pl":"Yes"
          , "tc":"0"
          , "tn":"1"
          , "type":"bb"
        }
        , {
          "name":"IbfKernel.B4"
          , "id":12
          , "af":"480.00"
          , "br":"0"
          , "ci":"0"
          , "fo":"Disabled"
          , "ii":"1"
          , "ll":"1"
          , "lt":"1.000000"
          , "mi":"n/a"
          , "pl":"Yes"
          , "tc":"0"
          , "tn":"1"
          , "type":"bb"
        }
      ]
    }
    , {
      "name":"MinimizerKernel"
      , "id":1
      , "clk":"No"
      , "fmax":"480.00"
      , "type":"kernel"
      , "children":
      [
        {
          "name":"MinimizerKernel.B0"
          , "id":3
          , "af":"480.00"
          , "br":"0"
          , "ci":"0"
          , "fo":"Disabled"
          , "ii":"1"
          , "ll":"1"
          , "lt":"4.000000"
          , "mi":"n/a"
          , "pl":"Yes"
          , "tc":"0"
          , "tn":"1"
          , "type":"bb"
        }
        , {
          "name":"MinimizerKernel.B1"
          , "id":4
          , "af":"480.00"
          , "br":"0"
          , "ci":"0"
          , "fo":"Enabled"
          , "ii":"1"
          , "ll":"1"
          , "lt":"20.000000"
          , "mi":"1"
          , "pl":"Yes"
          , "tc":"0"
          , "tn":"1"
          , "details":
          [
            {
              "type":"text"
              , "text":"Hyper-Optimized loop structure: enabled."
            }
          ]
          , "debug":
          [
            [
              {
                "filename":"/home/bzbbaumt/Projects/min-ibf-fpga-oneapi/include/min_ibf_fpga/backend_sycl/kernel_minimizer.cpp"
                , "line":15
              }
            ]
          ]
          , "type":"loop"
          , "children":
          [
            {
              "name":"MinimizerKernel.B2"
              , "id":5
              , "af":"480.00"
              , "br":"1"
              , "ci":"0"
              , "fo":"Enabled"
              , "ii":"1"
              , "ll":"2"
              , "lt":"34.000000"
              , "mi":"1"
              , "pl":"Yes"
              , "tc":"0"
              , "tn":"1"
              , "details":
              [
                {
                  "type":"text"
                  , "text":"Hyper-Optimized loop structure: enabled."
                }
              ]
              , "debug":
              [
                [
                  {
                    "filename":"/home/bzbbaumt/Projects/min-ibf-fpga-oneapi/include/min_ibf_fpga/backend_sycl/kernel_minimizer.cpp"
                    , "line":34
                  }
                ]
              ]
              , "type":"loop"
            }
          ]
        }
        , {
          "name":"MinimizerKernel.B3"
          , "id":6
          , "af":"480.00"
          , "br":"1"
          , "ci":"0"
          , "fo":"Disabled"
          , "ii":"1"
          , "ll":"1"
          , "lt":"0.000000"
          , "mi":"n/a"
          , "pl":"Yes"
          , "tc":"0"
          , "tn":"1"
          , "type":"bb"
        }
        , {
          "name":"MinimizerKernel.B4"
          , "id":7
          , "af":"480.00"
          , "br":"0"
          , "ci":"0"
          , "fo":"Disabled"
          , "ii":"1"
          , "ll":"1"
          , "lt":"1.000000"
          , "mi":"n/a"
          , "pl":"Yes"
          , "tc":"0"
          , "tn":"1"
          , "type":"bb"
        }
      ]
    }
  ]
}
