{
  "nodes":
  [
    {
      "type":"kernel"
      , "id":2
      , "name":"MinimizerKernel"
      , "children":
      [
        {
          "type":"bb"
          , "id":3
          , "name":"MinimizerKernel.B0"
          , "details":
          [
            {
              "type":"table"
              , "Latency":"4"
            }
          ]
        }
        , {
          "type":"bb"
          , "id":4
          , "name":"MinimizerKernel.B1"
          , "children":
          [
            {
              "type":"inst"
              , "id":8
              , "name":"Load"
              , "debug":
              [
                [
                  {
                    "filename":"/opt/intel/oneapi/compiler/2023.1.0/linux/bin-llvm/../include/sycl/ext/intel/fpga_lsu.hpp"
                    , "line":56
                  }
                ]
              ]
              , "details":
              [
                {
                  "type":"table"
                  , "Width":"64 bits"
                  , "Type":"Prefetching"
                  , "Stall-free":"No"
                  , "Loads from":"_arg_querySizes"
                  , "Start Cycle":"9"
                  , "Latency":"2"
                  , "Reference":
                  [
                    {
                      "type":"text"
                      , "text":"See %L for more information"
                      , "links":
                      [
                        {
                          "guide":"Best Practices Guide : Load-Store Units"
                          , "link":"file:////opt/intel/oneapi/compiler/2023.1.0/linux/lib/oclfpga/aoc_help_pages/yeo1491314105959.html"
                        }
                      ]
                    }
                  ]
                }
              ]
            }
            , {
              "type":"inst"
              , "id":14
              , "name":"Loop Input"
              , "debug":
              [
                [
                  {
                    "filename":"/home/bzbbaumt/Projects/min-ibf-fpga-oneapi/include/min_ibf_fpga/backend_sycl/kernel_minimizer.cpp"
                    , "line":15
                  }
                ]
              ]
              , "details":
              [
                {
                  "type":"table"
                  , "Start Cycle":"0"
                  , "Latency":"1"
                  , "Loops To":"6"
                }
              ]
            }
            , {
              "type":"inst"
              , "id":15
              , "name":"End"
              , "details":
              [
                {
                  "type":"table"
                  , "Start Cycle":"20"
                  , "Latency":"1"
                }
              ]
            }
          ]
          , "details":
          [
            {
              "type":"table"
              , "Latency":"20"
              , "II":"1"
              , "Subloops":"Yes"
              , "Pipelined":"Yes"
              , "Fmax Bottlenecks":"No"
              , "Loop Info":"Entry to loop. "
            }
          ]
        }
        , {
          "type":"bb"
          , "id":5
          , "name":"MinimizerKernel.B2"
          , "children":
          [
            {
              "type":"inst"
              , "id":9
              , "name":"Load"
              , "debug":
              [
                [
                  {
                    "filename":"/opt/intel/oneapi/compiler/2023.1.0/linux/bin-llvm/../include/sycl/ext/intel/fpga_lsu.hpp"
                    , "line":56
                  }
                ]
              ]
              , "details":
              [
                {
                  "type":"table"
                  , "Width":"8 bits"
                  , "Type":"Prefetching"
                  , "Stall-free":"No"
                  , "Start Cycle":"10"
                  , "Latency":"2"
                  , "Reference":
                  [
                    {
                      "type":"text"
                      , "text":"See %L for more information"
                      , "links":
                      [
                        {
                          "guide":"Best Practices Guide : Load-Store Units"
                          , "link":"file:////opt/intel/oneapi/compiler/2023.1.0/linux/lib/oclfpga/aoc_help_pages/yeo1491314105959.html"
                        }
                      ]
                    }
                  ]
                }
              ]
            }
            , {
              "type":"inst"
              , "id":10
              , "name":"Store"
              , "debug":
              [
                [
                  {
                    "filename":""
                    , "line":0
                  }
                ]
              ]
              , "details":
              [
                {
                  "type":"table"
                  , "Width":"64 bits"
                  , "Type":"Pipelined never-stall"
                  , "Stall-free":"Yes"
                  , "Stores to":"kmer...value"
                  , "Start Cycle":"20"
                  , "Latency":"1"
                  , "Reference":
                  [
                    {
                      "type":"text"
                      , "text":"See %L for more information"
                      , "links":
                      [
                        {
                          "guide":"Best Practices Guide : Load-Store Units"
                          , "link":"file:////opt/intel/oneapi/compiler/2023.1.0/linux/lib/oclfpga/aoc_help_pages/yeo1491314105959.html"
                        }
                      ]
                    }
                  ]
                }
              ]
            }
            , {
              "type":"inst"
              , "id":11
              , "name":"Store"
              , "debug":
              [
                [
                  {
                    "filename":""
                    , "line":0
                  }
                ]
              ]
              , "details":
              [
                {
                  "type":"table"
                  , "Width":"64 bits"
                  , "Type":"Pipelined never-stall"
                  , "Stall-free":"Yes"
                  , "Stores to":"kmerComplement...value"
                  , "Start Cycle":"20"
                  , "Latency":"1"
                  , "Reference":
                  [
                    {
                      "type":"text"
                      , "text":"See %L for more information"
                      , "links":
                      [
                        {
                          "guide":"Best Practices Guide : Load-Store Units"
                          , "link":"file:////opt/intel/oneapi/compiler/2023.1.0/linux/lib/oclfpga/aoc_help_pages/yeo1491314105959.html"
                        }
                      ]
                    }
                  ]
                }
              ]
            }
            , {
              "type":"inst"
              , "id":12
              , "name":"Pipe Write"
              , "debug":
              [
                [
                  {
                    "filename":"/opt/intel/oneapi/compiler/2023.1.0/linux/bin-llvm/../include/sycl/ext/intel/pipes.hpp"
                    , "line":82
                  }
                ]
              ]
              , "details":
              [
                {
                  "type":"table"
                  , "Width":"128 bits"
                  , "Depth":"25"
                  , "Stall-free":"No"
                  , "Start Cycle":"33"
                  , "Latency":"0"
                  , "Reference":
                  [
                    {
                      "type":"text"
                      , "text":"See %L for more information"
                      , "links":
                      [
                        {
                          "guide":"Best Practices Guide : Channels"
                          , "link":"file:////opt/intel/oneapi/compiler/2023.1.0/linux/lib/oclfpga/aoc_help_pages/qah1476410829821.html"
                        }
                      ]
                    }
                  ]
                }
              ]
            }
            , {
              "type":"inst"
              , "id":16
              , "name":"Loop Input"
              , "debug":
              [
                [
                  {
                    "filename":"/home/bzbbaumt/Projects/min-ibf-fpga-oneapi/include/min_ibf_fpga/backend_sycl/kernel_minimizer.cpp"
                    , "line":34
                  }
                ]
              ]
              , "details":
              [
                {
                  "type":"table"
                  , "Start Cycle":"0"
                  , "Latency":"1"
                  , "Loops To":"17"
                }
              ]
            }
            , {
              "type":"inst"
              , "id":17
              , "name":"Loop End"
              , "details":
              [
                {
                  "type":"table"
                  , "Start Cycle":"33"
                  , "Latency":"1"
                }
              ]
            }
          ]
          , "details":
          [
            {
              "type":"table"
              , "Latency":"33"
              , "II":"1"
              , "Subloops":"No"
              , "Pipelined":"Yes"
              , "Fmax Bottlenecks":"No"
              , "Loop Info":""
            }
          ]
        }
        , {
          "type":"bb"
          , "id":6
          , "name":"MinimizerKernel.B3"
          , "details":
          [
            {
              "type":"table"
              , "Latency":"0"
              , "II":"1"
              , "Subloops":"Yes"
              , "Pipelined":"Yes"
              , "Fmax Bottlenecks":"No"
              , "Loop Info":"Exit which branches back to loop. "
            }
          ]
        }
        , {
          "type":"bb"
          , "id":7
          , "name":"MinimizerKernel.B4"
          , "details":
          [
            {
              "type":"table"
              , "Latency":"0"
            }
          ]
        }
        , {
          "type":"csr"
          , "id":18
          , "name":"Register Map"
          , "debug":
          [
            [
              {
                "filename":"min_ibf_fpga_oneapi_report.prj/ZTSN12min_ibf_fpga12backend_sycl15MinimizerKernelE_csr.hpp"
                , "line":1
              }
            ]
          ]
          , "children":
          [
            {
              "type":"interface"
              , "id":19
              , "name":"start"
              , "debug":
              [
                [
                  {
                    "filename":"/home/bzbbaumt/Projects/min-ibf-fpga-oneapi/include/min_ibf_fpga/backend_sycl/kernel_minimizer.cpp"
                    , "line":7
                  }
                ]
              ]
            }
            , {
              "type":"interface"
              , "id":20
              , "name":"done"
              , "debug":
              [
                [
                  {
                    "filename":"/home/bzbbaumt/Projects/min-ibf-fpga-oneapi/include/min_ibf_fpga/backend_sycl/kernel_minimizer.cpp"
                    , "line":7
                  }
                ]
              ]
            }
            , {
              "type":"interface"
              , "id":21
              , "name":"busy"
              , "debug":
              [
                [
                  {
                    "filename":"/home/bzbbaumt/Projects/min-ibf-fpga-oneapi/include/min_ibf_fpga/backend_sycl/kernel_minimizer.cpp"
                    , "line":7
                  }
                ]
              ]
            }
            , {
              "type":"interface"
              , "id":22
              , "name":"arg_querySizes"
              , "debug":
              [
                [
                  {
                    "filename":"/home/bzbbaumt/Projects/min-ibf-fpga-oneapi/include/min_ibf_fpga/backend_sycl/kernel_minimizer.cpp"
                    , "line":7
                  }
                ]
              ]
              , "details":
              [
                {
                  "type":"table"
                  , "Stable":"No"
                  , "Width":"64 bits"
                  , "Kernel":"ZTSN12min_ibf_fpga12backend_sycl15MinimizerKernelE"
                  , "Alignment":"1024"
                }
              ]
            }
            , {
              "type":"interface"
              , "id":23
              , "name":"arg_querySizes1"
              , "debug":
              [
                [
                  {
                    "filename":"/home/bzbbaumt/Projects/min-ibf-fpga-oneapi/include/min_ibf_fpga/backend_sycl/kernel_minimizer.cpp"
                    , "line":7
                  }
                ]
              ]
              , "details":
              [
                {
                  "type":"table"
                  , "Stable":"No"
                  , "Width":"64 bits"
                  , "Kernel":"ZTSN12min_ibf_fpga12backend_sycl15MinimizerKernelE"
                }
              ]
            }
            , {
              "type":"interface"
              , "id":24
              , "name":"arg_querySizes2"
              , "debug":
              [
                [
                  {
                    "filename":"/home/bzbbaumt/Projects/min-ibf-fpga-oneapi/include/min_ibf_fpga/backend_sycl/kernel_minimizer.cpp"
                    , "line":7
                  }
                ]
              ]
              , "details":
              [
                {
                  "type":"table"
                  , "Stable":"No"
                  , "Width":"64 bits"
                  , "Kernel":"ZTSN12min_ibf_fpga12backend_sycl15MinimizerKernelE"
                }
              ]
            }
            , {
              "type":"interface"
              , "id":25
              , "name":"arg_querySizes3"
              , "debug":
              [
                [
                  {
                    "filename":"/home/bzbbaumt/Projects/min-ibf-fpga-oneapi/include/min_ibf_fpga/backend_sycl/kernel_minimizer.cpp"
                    , "line":7
                  }
                ]
              ]
              , "details":
              [
                {
                  "type":"table"
                  , "Stable":"No"
                  , "Width":"64 bits"
                  , "Kernel":"ZTSN12min_ibf_fpga12backend_sycl15MinimizerKernelE"
                }
              ]
            }
            , {
              "type":"interface"
              , "id":26
              , "name":"arg_queries"
              , "debug":
              [
                [
                  {
                    "filename":"/home/bzbbaumt/Projects/min-ibf-fpga-oneapi/include/min_ibf_fpga/backend_sycl/kernel_minimizer.cpp"
                    , "line":7
                  }
                ]
              ]
              , "details":
              [
                {
                  "type":"table"
                  , "Stable":"No"
                  , "Width":"64 bits"
                  , "Kernel":"ZTSN12min_ibf_fpga12backend_sycl15MinimizerKernelE"
                  , "Alignment":"1024"
                }
              ]
            }
            , {
              "type":"interface"
              , "id":27
              , "name":"arg_queries4"
              , "debug":
              [
                [
                  {
                    "filename":"/home/bzbbaumt/Projects/min-ibf-fpga-oneapi/include/min_ibf_fpga/backend_sycl/kernel_minimizer.cpp"
                    , "line":7
                  }
                ]
              ]
              , "details":
              [
                {
                  "type":"table"
                  , "Stable":"No"
                  , "Width":"64 bits"
                  , "Kernel":"ZTSN12min_ibf_fpga12backend_sycl15MinimizerKernelE"
                }
              ]
            }
            , {
              "type":"interface"
              , "id":28
              , "name":"arg_queries5"
              , "debug":
              [
                [
                  {
                    "filename":"/home/bzbbaumt/Projects/min-ibf-fpga-oneapi/include/min_ibf_fpga/backend_sycl/kernel_minimizer.cpp"
                    , "line":7
                  }
                ]
              ]
              , "details":
              [
                {
                  "type":"table"
                  , "Stable":"No"
                  , "Width":"64 bits"
                  , "Kernel":"ZTSN12min_ibf_fpga12backend_sycl15MinimizerKernelE"
                }
              ]
            }
            , {
              "type":"interface"
              , "id":29
              , "name":"arg_queries6"
              , "debug":
              [
                [
                  {
                    "filename":"/home/bzbbaumt/Projects/min-ibf-fpga-oneapi/include/min_ibf_fpga/backend_sycl/kernel_minimizer.cpp"
                    , "line":7
                  }
                ]
              ]
              , "details":
              [
                {
                  "type":"table"
                  , "Stable":"No"
                  , "Width":"64 bits"
                  , "Kernel":"ZTSN12min_ibf_fpga12backend_sycl15MinimizerKernelE"
                }
              ]
            }
            , {
              "type":"interface"
              , "id":30
              , "name":"arg_queriesOffset"
              , "debug":
              [
                [
                  {
                    "filename":"/home/bzbbaumt/Projects/min-ibf-fpga-oneapi/include/min_ibf_fpga/backend_sycl/kernel_minimizer.cpp"
                    , "line":7
                  }
                ]
              ]
              , "details":
              [
                {
                  "type":"table"
                  , "Stable":"No"
                  , "Width":"64 bits"
                  , "Kernel":"ZTSN12min_ibf_fpga12backend_sycl15MinimizerKernelE"
                }
              ]
            }
            , {
              "type":"interface"
              , "id":31
              , "name":"arg_numberOfQueries"
              , "debug":
              [
                [
                  {
                    "filename":"/home/bzbbaumt/Projects/min-ibf-fpga-oneapi/include/min_ibf_fpga/backend_sycl/kernel_minimizer.cpp"
                    , "line":7
                  }
                ]
              ]
              , "details":
              [
                {
                  "type":"table"
                  , "Stable":"No"
                  , "Width":"64 bits"
                  , "Kernel":"ZTSN12min_ibf_fpga12backend_sycl15MinimizerKernelE"
                }
              ]
            }
            , {
              "type":"interface"
              , "id":32
              , "name":"arg_querySizesOffset"
              , "debug":
              [
                [
                  {
                    "filename":"/home/bzbbaumt/Projects/min-ibf-fpga-oneapi/include/min_ibf_fpga/backend_sycl/kernel_minimizer.cpp"
                    , "line":7
                  }
                ]
              ]
              , "details":
              [
                {
                  "type":"table"
                  , "Stable":"No"
                  , "Width":"64 bits"
                  , "Kernel":"ZTSN12min_ibf_fpga12backend_sycl15MinimizerKernelE"
                }
              ]
            }
            , {
              "type":"interface"
              , "id":33
              , "name":"arg_id"
              , "debug":
              [
                [
                  {
                    "filename":"/home/bzbbaumt/Projects/min-ibf-fpga-oneapi/include/min_ibf_fpga/backend_sycl/kernel_minimizer.cpp"
                    , "line":7
                  }
                ]
              ]
              , "details":
              [
                {
                  "type":"table"
                  , "Stable":"No"
                  , "Width":"8 bits"
                  , "Kernel":"ZTSN12min_ibf_fpga12backend_sycl15MinimizerKernelE"
                }
              ]
            }
          ]
        }
        , {
          "type":"memtype"
          , "id":34
          , "name":"On-chip Memory"
          , "children":
          [
            {
              "type":"memsys"
              , "id":35
              , "name":"kmer...value"
              , "debug":
              [
                [
                  {
                    "filename":"kernel_minimizer.hpp"
                    , "line":14
                  }
                ]
              ]
              , "details":
              [
                {
                  "type":"table"
                  , "Requested size":"5 bytes"
                  , "Implemented size":"8 bytes"
                  , "Number of banks":"1"
                  , "Bank width":"64 bits"
                  , "Bank depth":"1 word"
                  , "Number of replicates":"1"
                  , "Number of private copies":"1"
                  , "Reference":
                  [
                    {
                      "type":"text"
                      , "text":"See %L for more information"
                      , "links":
                      [
                        {
                          "guide":"Best Practices Guide : Local Memory"
                          , "link":"file:////opt/intel/oneapi/compiler/2023.1.0/linux/lib/oclfpga/aoc_help_pages/chn1469549457114.html"
                        }
                      ]
                    }
                  ]
                }
              ]
            }
            , {
              "type":"memsys"
              , "id":38
              , "name":"kmerComplement...value"
              , "debug":
              [
                [
                  {
                    "filename":"kernel_minimizer.hpp"
                    , "line":15
                  }
                ]
              ]
              , "details":
              [
                {
                  "type":"table"
                  , "Requested size":"5 bytes"
                  , "Implemented size":"8 bytes"
                  , "Number of banks":"1"
                  , "Bank width":"64 bits"
                  , "Bank depth":"1 word"
                  , "Number of replicates":"1"
                  , "Number of private copies":"1"
                  , "Reference":
                  [
                    {
                      "type":"text"
                      , "text":"See %L for more information"
                      , "links":
                      [
                        {
                          "guide":"Best Practices Guide : Local Memory"
                          , "link":"file:////opt/intel/oneapi/compiler/2023.1.0/linux/lib/oclfpga/aoc_help_pages/chn1469549457114.html"
                        }
                      ]
                    }
                  ]
                }
              ]
            }
          ]
        }
      ]
    }
    , {
      "type":"kernel"
      , "id":42
      , "name":"IbfKernel"
      , "children":
      [
        {
          "type":"bb"
          , "id":43
          , "name":"IbfKernel.B0"
          , "details":
          [
            {
              "type":"table"
              , "Latency":"4"
            }
          ]
        }
        , {
          "type":"bb"
          , "id":44
          , "name":"IbfKernel.B1"
          , "details":
          [
            {
              "type":"table"
              , "Latency":"9"
              , "II":"1"
              , "Subloops":"Yes"
              , "Pipelined":"Yes"
              , "Fmax Bottlenecks":"No"
              , "Loop Info":"Entry to loop. "
              , "Loops To":"46"
            }
          ]
        }
        , {
          "type":"bb"
          , "id":45
          , "name":"IbfKernel.B2"
          , "children":
          [
            {
              "type":"inst"
              , "id":48
              , "name":"Pipe Read"
              , "debug":
              [
                [
                  {
                    "filename":"/opt/intel/oneapi/compiler/2023.1.0/linux/bin-llvm/../include/sycl/ext/intel/pipes.hpp"
                    , "line":67
                  }
                ]
              ]
              , "details":
              [
                {
                  "type":"table"
                  , "Width":"128 bits"
                  , "Depth":"25"
                  , "Stall-free":"No"
                  , "Start Cycle":"2"
                  , "Latency":"0"
                  , "Reference":
                  [
                    {
                      "type":"text"
                      , "text":"See %L for more information"
                      , "links":
                      [
                        {
                          "guide":"Best Practices Guide : Channels"
                          , "link":"file:////opt/intel/oneapi/compiler/2023.1.0/linux/lib/oclfpga/aoc_help_pages/qah1476410829821.html"
                        }
                      ]
                    }
                  ]
                }
              ]
            }
            , {
              "type":"inst"
              , "id":49
              , "name":"Load"
              , "debug":
              [
                [
                  {
                    "filename":"/opt/intel/oneapi/compiler/2023.1.0/linux/lib/oclfpga/include/sycl/ext/intel/ac_types/ac_int.hpp"
                    , "line":738
                  }
                ]
              ]
              , "details":
              [
                {
                  "type":"table"
                  , "Width":"64 bits"
                  , "Type":"Burst-coalesced"
                  , "Stall-free":"No"
                  , "Loads from":"_arg_thresholds"
                  , "Start Cycle":"32"
                  , "Latency":"838"
                  , "Reference":
                  [
                    {
                      "type":"text"
                      , "text":"See %L for more information"
                      , "links":
                      [
                        {
                          "guide":"Best Practices Guide : Load-Store Units"
                          , "link":"file:////opt/intel/oneapi/compiler/2023.1.0/linux/lib/oclfpga/aoc_help_pages/yeo1491314105959.html"
                        }
                      ]
                    }
                  ]
                }
              ]
            }
            , {
              "type":"inst"
              , "id":50
              , "name":"Load"
              , "debug":
              [
                [
                  {
                    "filename":"/opt/intel/oneapi/compiler/2023.1.0/linux/lib/oclfpga/include/sycl/ext/intel/ac_types/ac_int.hpp"
                    , "line":902
                  }
                ]
              ]
              , "details":
              [
                {
                  "type":"table"
                  , "Width":"64 bits"
                  , "Type":"Burst-coalesced"
                  , "Stall-free":"No"
                  , "Loads from":"_arg_ibfData"
                  , "Start Cycle":"31"
                  , "Latency":"838"
                  , "Reference":
                  [
                    {
                      "type":"text"
                      , "text":"See %L for more information"
                      , "links":
                      [
                        {
                          "guide":"Best Practices Guide : Load-Store Units"
                          , "link":"file:////opt/intel/oneapi/compiler/2023.1.0/linux/lib/oclfpga/aoc_help_pages/yeo1491314105959.html"
                        }
                      ]
                    }
                  ]
                }
              ]
            }
            , {
              "type":"inst"
              , "id":51
              , "name":"Load"
              , "debug":
              [
                [
                  {
                    "filename":"/opt/intel/oneapi/compiler/2023.1.0/linux/lib/oclfpga/include/sycl/ext/intel/ac_types/ac_int.hpp"
                    , "line":902
                  }
                ]
              ]
              , "details":
              [
                {
                  "type":"table"
                  , "Width":"64 bits"
                  , "Type":"Burst-coalesced"
                  , "Stall-free":"No"
                  , "Loads from":"_arg_ibfData"
                  , "Start Cycle":"31"
                  , "Latency":"838"
                  , "Reference":
                  [
                    {
                      "type":"text"
                      , "text":"See %L for more information"
                      , "links":
                      [
                        {
                          "guide":"Best Practices Guide : Load-Store Units"
                          , "link":"file:////opt/intel/oneapi/compiler/2023.1.0/linux/lib/oclfpga/aoc_help_pages/yeo1491314105959.html"
                        }
                      ]
                    }
                  ]
                }
              ]
            }
            , {
              "type":"inst"
              , "id":52
              , "name":"Store"
              , "debug":
              [
                [
                  {
                    "filename":"/home/bzbbaumt/Projects/min-ibf-fpga-oneapi/include/min_ibf_fpga/backend_sycl/kernel_ibf.cpp"
                    , "line":90
                  }
                ]
              ]
              , "details":
              [
                {
                  "type":"table"
                  , "Width":"64 bits"
                  , "Type":"Burst-coalesced"
                  , "Stall-free":"No"
                  , "Stores to":"_arg_result"
                  , "Start Cycle":"878"
                  , "Latency":"2"
                  , "Reference":
                  [
                    {
                      "type":"text"
                      , "text":"See %L for more information"
                      , "links":
                      [
                        {
                          "guide":"Best Practices Guide : Load-Store Units"
                          , "link":"file:////opt/intel/oneapi/compiler/2023.1.0/linux/lib/oclfpga/aoc_help_pages/yeo1491314105959.html"
                        }
                      ]
                    }
                  ]
                }
              ]
            }
            , {
              "type":"inst"
              , "id":53
              , "name":"Loop Input"
              , "debug":
              [
                [
                  {
                    "filename":"/home/bzbbaumt/Projects/min-ibf-fpga-oneapi/include/min_ibf_fpga/backend_sycl/kernel_ibf.cpp"
                    , "line":94
                  }
                ]
              ]
              , "details":
              [
                {
                  "type":"table"
                  , "Start Cycle":"0"
                  , "Latency":"1"
                  , "Loops To":"54"
                }
              ]
            }
            , {
              "type":"inst"
              , "id":54
              , "name":"Loop End"
              , "details":
              [
                {
                  "type":"table"
                  , "Start Cycle":"880"
                  , "Latency":"1"
                }
              ]
            }
          ]
          , "details":
          [
            {
              "type":"table"
              , "Latency":"880"
              , "II":"2"
              , "Subloops":"No"
              , "Pipelined":"Yes"
              , "Fmax Bottlenecks":"No"
              , "Loop Info":"Loop is pipelined with II of 2. See Loops Analysis for more information."
            }
          ]
        }
        , {
          "type":"bb"
          , "id":46
          , "name":"IbfKernel.B3"
          , "details":
          [
            {
              "type":"table"
              , "Latency":"0"
              , "II":"1"
              , "Subloops":"Yes"
              , "Pipelined":"Yes"
              , "Fmax Bottlenecks":"No"
              , "Loop Info":"Exit which branches back to loop. "
            }
          ]
        }
        , {
          "type":"bb"
          , "id":47
          , "name":"IbfKernel.B4"
          , "details":
          [
            {
              "type":"table"
              , "Latency":"0"
            }
          ]
        }
        , {
          "type":"csr"
          , "id":55
          , "name":"Register Map"
          , "debug":
          [
            [
              {
                "filename":"min_ibf_fpga_oneapi_report.prj/ZTSN12min_ibf_fpga12backend_sycl9IbfKernelE_csr.hpp"
                , "line":1
              }
            ]
          ]
          , "children":
          [
            {
              "type":"interface"
              , "id":56
              , "name":"start"
              , "debug":
              [
                [
                  {
                    "filename":"/home/bzbbaumt/Projects/min-ibf-fpga-oneapi/include/min_ibf_fpga/backend_sycl/kernel_ibf.cpp"
                    , "line":7
                  }
                ]
              ]
            }
            , {
              "type":"interface"
              , "id":57
              , "name":"done"
              , "debug":
              [
                [
                  {
                    "filename":"/home/bzbbaumt/Projects/min-ibf-fpga-oneapi/include/min_ibf_fpga/backend_sycl/kernel_ibf.cpp"
                    , "line":7
                  }
                ]
              ]
            }
            , {
              "type":"interface"
              , "id":58
              , "name":"busy"
              , "debug":
              [
                [
                  {
                    "filename":"/home/bzbbaumt/Projects/min-ibf-fpga-oneapi/include/min_ibf_fpga/backend_sycl/kernel_ibf.cpp"
                    , "line":7
                  }
                ]
              ]
            }
            , {
              "type":"interface"
              , "id":59
              , "name":"arg_numberOfQueries"
              , "debug":
              [
                [
                  {
                    "filename":"/home/bzbbaumt/Projects/min-ibf-fpga-oneapi/include/min_ibf_fpga/backend_sycl/kernel_ibf.cpp"
                    , "line":7
                  }
                ]
              ]
              , "details":
              [
                {
                  "type":"table"
                  , "Stable":"No"
                  , "Width":"64 bits"
                  , "Kernel":"ZTSN12min_ibf_fpga12backend_sycl9IbfKernelE"
                }
              ]
            }
            , {
              "type":"interface"
              , "id":60
              , "name":"arg_id"
              , "debug":
              [
                [
                  {
                    "filename":"/home/bzbbaumt/Projects/min-ibf-fpga-oneapi/include/min_ibf_fpga/backend_sycl/kernel_ibf.cpp"
                    , "line":7
                  }
                ]
              ]
              , "details":
              [
                {
                  "type":"table"
                  , "Stable":"No"
                  , "Width":"8 bits"
                  , "Kernel":"ZTSN12min_ibf_fpga12backend_sycl9IbfKernelE"
                }
              ]
            }
            , {
              "type":"interface"
              , "id":61
              , "name":"arg_maximalNumberOfMinimizers"
              , "debug":
              [
                [
                  {
                    "filename":"/home/bzbbaumt/Projects/min-ibf-fpga-oneapi/include/min_ibf_fpga/backend_sycl/kernel_ibf.cpp"
                    , "line":7
                  }
                ]
              ]
              , "details":
              [
                {
                  "type":"table"
                  , "Stable":"No"
                  , "Width":"64 bits"
                  , "Kernel":"ZTSN12min_ibf_fpga12backend_sycl9IbfKernelE"
                }
              ]
            }
            , {
              "type":"interface"
              , "id":62
              , "name":"arg_minimalNumberOfMinimizers"
              , "debug":
              [
                [
                  {
                    "filename":"/home/bzbbaumt/Projects/min-ibf-fpga-oneapi/include/min_ibf_fpga/backend_sycl/kernel_ibf.cpp"
                    , "line":7
                  }
                ]
              ]
              , "details":
              [
                {
                  "type":"table"
                  , "Stable":"No"
                  , "Width":"64 bits"
                  , "Kernel":"ZTSN12min_ibf_fpga12backend_sycl9IbfKernelE"
                }
              ]
            }
            , {
              "type":"interface"
              , "id":63
              , "name":"arg_thresholds"
              , "debug":
              [
                [
                  {
                    "filename":"/home/bzbbaumt/Projects/min-ibf-fpga-oneapi/include/min_ibf_fpga/backend_sycl/kernel_ibf.cpp"
                    , "line":7
                  }
                ]
              ]
              , "details":
              [
                {
                  "type":"table"
                  , "Stable":"No"
                  , "Width":"64 bits"
                  , "Kernel":"ZTSN12min_ibf_fpga12backend_sycl9IbfKernelE"
                  , "Alignment":"1024"
                }
              ]
            }
            , {
              "type":"interface"
              , "id":64
              , "name":"arg_thresholds1"
              , "debug":
              [
                [
                  {
                    "filename":"/home/bzbbaumt/Projects/min-ibf-fpga-oneapi/include/min_ibf_fpga/backend_sycl/kernel_ibf.cpp"
                    , "line":7
                  }
                ]
              ]
              , "details":
              [
                {
                  "type":"table"
                  , "Stable":"No"
                  , "Width":"64 bits"
                  , "Kernel":"ZTSN12min_ibf_fpga12backend_sycl9IbfKernelE"
                }
              ]
            }
            , {
              "type":"interface"
              , "id":65
              , "name":"arg_thresholds2"
              , "debug":
              [
                [
                  {
                    "filename":"/home/bzbbaumt/Projects/min-ibf-fpga-oneapi/include/min_ibf_fpga/backend_sycl/kernel_ibf.cpp"
                    , "line":7
                  }
                ]
              ]
              , "details":
              [
                {
                  "type":"table"
                  , "Stable":"No"
                  , "Width":"64 bits"
                  , "Kernel":"ZTSN12min_ibf_fpga12backend_sycl9IbfKernelE"
                }
              ]
            }
            , {
              "type":"interface"
              , "id":66
              , "name":"arg_thresholds3"
              , "debug":
              [
                [
                  {
                    "filename":"/home/bzbbaumt/Projects/min-ibf-fpga-oneapi/include/min_ibf_fpga/backend_sycl/kernel_ibf.cpp"
                    , "line":7
                  }
                ]
              ]
              , "details":
              [
                {
                  "type":"table"
                  , "Stable":"No"
                  , "Width":"64 bits"
                  , "Kernel":"ZTSN12min_ibf_fpga12backend_sycl9IbfKernelE"
                }
              ]
            }
            , {
              "type":"interface"
              , "id":67
              , "name":"arg_hashShift"
              , "debug":
              [
                [
                  {
                    "filename":"/home/bzbbaumt/Projects/min-ibf-fpga-oneapi/include/min_ibf_fpga/backend_sycl/kernel_ibf.cpp"
                    , "line":7
                  }
                ]
              ]
              , "details":
              [
                {
                  "type":"table"
                  , "Stable":"No"
                  , "Width":"64 bits"
                  , "Kernel":"ZTSN12min_ibf_fpga12backend_sycl9IbfKernelE"
                }
              ]
            }
            , {
              "type":"interface"
              , "id":68
              , "name":"arg_binSize"
              , "debug":
              [
                [
                  {
                    "filename":"/home/bzbbaumt/Projects/min-ibf-fpga-oneapi/include/min_ibf_fpga/backend_sycl/kernel_ibf.cpp"
                    , "line":7
                  }
                ]
              ]
              , "details":
              [
                {
                  "type":"table"
                  , "Stable":"No"
                  , "Width":"64 bits"
                  , "Kernel":"ZTSN12min_ibf_fpga12backend_sycl9IbfKernelE"
                }
              ]
            }
            , {
              "type":"interface"
              , "id":69
              , "name":"arg_ibfData"
              , "debug":
              [
                [
                  {
                    "filename":"/home/bzbbaumt/Projects/min-ibf-fpga-oneapi/include/min_ibf_fpga/backend_sycl/kernel_ibf.cpp"
                    , "line":7
                  }
                ]
              ]
              , "details":
              [
                {
                  "type":"table"
                  , "Stable":"No"
                  , "Width":"64 bits"
                  , "Kernel":"ZTSN12min_ibf_fpga12backend_sycl9IbfKernelE"
                  , "Alignment":"1024"
                }
              ]
            }
            , {
              "type":"interface"
              , "id":70
              , "name":"arg_ibfData4"
              , "debug":
              [
                [
                  {
                    "filename":"/home/bzbbaumt/Projects/min-ibf-fpga-oneapi/include/min_ibf_fpga/backend_sycl/kernel_ibf.cpp"
                    , "line":7
                  }
                ]
              ]
              , "details":
              [
                {
                  "type":"table"
                  , "Stable":"No"
                  , "Width":"64 bits"
                  , "Kernel":"ZTSN12min_ibf_fpga12backend_sycl9IbfKernelE"
                }
              ]
            }
            , {
              "type":"interface"
              , "id":71
              , "name":"arg_ibfData5"
              , "debug":
              [
                [
                  {
                    "filename":"/home/bzbbaumt/Projects/min-ibf-fpga-oneapi/include/min_ibf_fpga/backend_sycl/kernel_ibf.cpp"
                    , "line":7
                  }
                ]
              ]
              , "details":
              [
                {
                  "type":"table"
                  , "Stable":"No"
                  , "Width":"64 bits"
                  , "Kernel":"ZTSN12min_ibf_fpga12backend_sycl9IbfKernelE"
                }
              ]
            }
            , {
              "type":"interface"
              , "id":72
              , "name":"arg_ibfData6"
              , "debug":
              [
                [
                  {
                    "filename":"/home/bzbbaumt/Projects/min-ibf-fpga-oneapi/include/min_ibf_fpga/backend_sycl/kernel_ibf.cpp"
                    , "line":7
                  }
                ]
              ]
              , "details":
              [
                {
                  "type":"table"
                  , "Stable":"No"
                  , "Width":"64 bits"
                  , "Kernel":"ZTSN12min_ibf_fpga12backend_sycl9IbfKernelE"
                }
              ]
            }
            , {
              "type":"interface"
              , "id":73
              , "name":"arg_result"
              , "debug":
              [
                [
                  {
                    "filename":"/home/bzbbaumt/Projects/min-ibf-fpga-oneapi/include/min_ibf_fpga/backend_sycl/kernel_ibf.cpp"
                    , "line":7
                  }
                ]
              ]
              , "details":
              [
                {
                  "type":"table"
                  , "Stable":"No"
                  , "Width":"64 bits"
                  , "Kernel":"ZTSN12min_ibf_fpga12backend_sycl9IbfKernelE"
                  , "Alignment":"1024"
                }
              ]
            }
            , {
              "type":"interface"
              , "id":74
              , "name":"arg_result7"
              , "debug":
              [
                [
                  {
                    "filename":"/home/bzbbaumt/Projects/min-ibf-fpga-oneapi/include/min_ibf_fpga/backend_sycl/kernel_ibf.cpp"
                    , "line":7
                  }
                ]
              ]
              , "details":
              [
                {
                  "type":"table"
                  , "Stable":"No"
                  , "Width":"64 bits"
                  , "Kernel":"ZTSN12min_ibf_fpga12backend_sycl9IbfKernelE"
                }
              ]
            }
            , {
              "type":"interface"
              , "id":75
              , "name":"arg_result8"
              , "debug":
              [
                [
                  {
                    "filename":"/home/bzbbaumt/Projects/min-ibf-fpga-oneapi/include/min_ibf_fpga/backend_sycl/kernel_ibf.cpp"
                    , "line":7
                  }
                ]
              ]
              , "details":
              [
                {
                  "type":"table"
                  , "Stable":"No"
                  , "Width":"64 bits"
                  , "Kernel":"ZTSN12min_ibf_fpga12backend_sycl9IbfKernelE"
                }
              ]
            }
            , {
              "type":"interface"
              , "id":76
              , "name":"arg_result9"
              , "debug":
              [
                [
                  {
                    "filename":"/home/bzbbaumt/Projects/min-ibf-fpga-oneapi/include/min_ibf_fpga/backend_sycl/kernel_ibf.cpp"
                    , "line":7
                  }
                ]
              ]
              , "details":
              [
                {
                  "type":"table"
                  , "Stable":"No"
                  , "Width":"64 bits"
                  , "Kernel":"ZTSN12min_ibf_fpga12backend_sycl9IbfKernelE"
                }
              ]
            }
          ]
        }
      ]
    }
    , {
      "type":"memtype"
      , "id":1
      , "name":"Global Memory"
      , "children":
      [
        {
          "type":"memsys"
          , "id":41
          , "name":"device"
          , "details":
          [
            {
              "type":"table"
              , "Number of banks":"4"
            }
          ]
        }
      ]
    }
    , {
      "type":"pipe"
      , "id":13
      , "name":"sycl::_V1::ext::intel::pipe<fpga_tools::PipeArray<min_ibf_fpga::backend_sycl::RunKernel(sycl::_V1::queue&, sycl::_V1::buffer<char, 1, sycl::_V1::detail::aligned_allocator<char>"
      , "debug":
      [
        [
          {
            "filename":"/home/bzbbaumt/Projects/min-ibf-fpga-oneapi/include/min_ibf_fpga/backend_sycl/kernel_minimizer.cpp"
            , "line":7
          }
        ]
      ]
      , "details":
      [
        {
          "type":"table"
          , "Width":"128 bits"
          , "Depth":"25"
        }
      ]
    }
  ]
  , "links":
  [
    {
      "from":12
      , "to":13
    }
    , {
      "from":19
      , "to":3
    }
    , {
      "from":7
      , "to":20
    }
    , {
      "from":3
      , "to":21
      , "reverse":2
    }
    , {
      "from":22
      , "to":14
    }
    , {
      "from":26
      , "to":16
    }
    , {
      "from":30
      , "to":3
    }
    , {
      "from":31
      , "to":3
    }
    , {
      "from":32
      , "to":14
    }
    , {
      "from":10
      , "to":35
    }
    , {
      "from":11
      , "to":38
    }
    , {
      "from":6
      , "to":14
    }
    , {
      "from":3
      , "to":14
    }
    , {
      "from":8
      , "to":15
    }
    , {
      "from":17
      , "to":16
    }
    , {
      "from":15
      , "to":16
    }
    , {
      "from":9
      , "to":17
    }
    , {
      "from":10
      , "to":17
    }
    , {
      "from":11
      , "to":17
    }
    , {
      "from":12
      , "to":17
    }
    , {
      "from":17
      , "to":6
    }
    , {
      "from":6
      , "to":7
    }
    , {
      "from":14
      , "to":8
    }
    , {
      "from":16
      , "to":9
    }
    , {
      "from":9
      , "to":10
    }
    , {
      "from":9
      , "to":11
    }
    , {
      "from":10
      , "to":12
    }
    , {
      "from":11
      , "to":12
    }
    , {
      "from":41
      , "to":8
    }
    , {
      "from":41
      , "to":9
    }
    , {
      "from":13
      , "to":48
    }
    , {
      "from":56
      , "to":43
    }
    , {
      "from":47
      , "to":57
    }
    , {
      "from":43
      , "to":58
      , "reverse":2
    }
    , {
      "from":59
      , "to":43
    }
    , {
      "from":61
      , "to":43
    }
    , {
      "from":62
      , "to":43
    }
    , {
      "from":63
      , "to":53
    }
    , {
      "from":66
      , "to":53
    }
    , {
      "from":67
      , "to":43
    }
    , {
      "from":68
      , "to":43
    }
    , {
      "from":69
      , "to":43
    }
    , {
      "from":72
      , "to":43
    }
    , {
      "from":73
      , "to":44
    }
    , {
      "from":76
      , "to":44
    }
    , {
      "from":46
      , "to":44
    }
    , {
      "from":43
      , "to":44
    }
    , {
      "from":54
      , "to":53
    }
    , {
      "from":44
      , "to":53
    }
    , {
      "from":48
      , "to":54
    }
    , {
      "from":52
      , "to":54
    }
    , {
      "from":49
      , "to":54
    }
    , {
      "from":50
      , "to":54
    }
    , {
      "from":51
      , "to":54
    }
    , {
      "from":54
      , "to":46
    }
    , {
      "from":46
      , "to":47
    }
    , {
      "from":53
      , "to":48
    }
    , {
      "from":48
      , "to":49
    }
    , {
      "from":48
      , "to":50
    }
    , {
      "from":48
      , "to":51
    }
    , {
      "from":48
      , "to":52
    }
    , {
      "from":49
      , "to":52
    }
    , {
      "from":50
      , "to":52
    }
    , {
      "from":51
      , "to":52
    }
    , {
      "from":41
      , "to":49
    }
    , {
      "from":41
      , "to":50
    }
    , {
      "from":41
      , "to":51
    }
    , {
      "from":52
      , "to":41
    }
  ]
}
